company,period,kpi_name,value,target
cloudcrm_inc,2023-01,arr,35074536.16678948,36334938.570918374
cloudcrm_inc,2023-01,mrr,2922878.0138991233,2984413.779195683
cloudcrm_inc,2023-01,customers,838.4648846898697,869.9899206146675
cloudcrm_inc,2023-01,churn_rate,0.0237665064428796,0.022967678807114117
cloudcrm_inc,2023-01,net_retention,1.1025421497334373,1.1588573915501836
cloudcrm_inc,2023-01,cac,16161.265694056769,15205.904360619606
cloudcrm_inc,2023-01,ltv,206500.88761554178,215236.7750294366
cloudcrm_inc,2023-01,cac_payback_months,6.721243374723457,6.184089787617897
cloudcrm_inc,2023-02,arr,35377945.91826073,37741991.094361715
cloudcrm_inc,2023-02,mrr,2948162.1598550607,3088140.1490162676
cloudcrm_inc,2023-02,customers,818.735648397269,854.6620286607733
cloudcrm_inc,2023-02,churn_rate,0.049225833314490715,0.04618244339988427
cloudcrm_inc,2023-02,net_retention,1.227059124047585,1.256436995093515
cloudcrm_inc,2023-02,cac,10188.759717164234,9513.185056446911
cloudcrm_inc,2023-02,ltv,212899.24232723875,220307.33079630142
cloudcrm_inc,2023-02,cac_payback_months,10.699190479791756,10.15400920795215
cloudcrm_inc,2023-03,arr,38157356.734326646,40167064.26550506
cloudcrm_inc,2023-03,mrr,3179779.7278605537,3427058.7993834186
cloudcrm_inc,2023-03,customers,809.0115751141936,828.8617277962334
cloudcrm_inc,2023-03,churn_rate,0.021735333483414818,0.020473398385457166
cloudcrm_inc,2023-03,net_retention,1.2436684701482306,1.285359814158118
cloudcrm_inc,2023-03,cac,17541.794552752897,16344.566812243587
cloudcrm_inc,2023-03,ltv,204963.26802038858,210794.0993339134
cloudcrm_inc,2023-03,cac_payback_months,11.947967409385324,11.43832469090974
cloudcrm_inc,2023-04,arr,39487441.891239315,40892969.69496981
cloudcrm_inc,2023-04,mrr,3290620.1576032764,3424586.347126461
cloudcrm_inc,2023-04,customers,817.0761530507174,878.3970243028185
cloudcrm_inc,2023-04,churn_rate,0.02440888128764629,0.02288162418418219
cloudcrm_inc,2023-04,net_retention,1.2216685654900206,1.2805521304012797
cloudcrm_inc,2023-04,cac,15087.637657309828,14686.434261418843
cloudcrm_inc,2023-04,ltv,177171.5994288897,188238.31883207976
cloudcrm_inc,2023-04,cac_payback_months,10.044781773216378,9.278688301303937
cloudcrm_inc,2023-05,arr,38217590.20969459,39536616.74122125
cloudcrm_inc,2023-05,mrr,3184799.1841412154,3344154.4785235412
cloudcrm_inc,2023-05,customers,781.6785408881319,829.1867895089118
cloudcrm_inc,2023-05,churn_rate,0.038927653706874905,0.03599151024289439
cloudcrm_inc,2023-05,net_retention,1.1671510138115628,1.209731284261657
cloudcrm_inc,2023-05,cac,11074.198807218205,10724.452679237575
cloudcrm_inc,2023-05,ltv,217055.38847397393,227382.86046423874
cloudcrm_inc,2023-05,cac_payback_months,9.177958343673719,8.74470941065042
cloudcrm_inc,2023-06,arr,40586079.57407184,43787166.64952166
cloudcrm_inc,2023-06,mrr,3382173.29783932,3610769.562784305
cloudcrm_inc,2023-06,customers,785.2996762985618,841.2342911831291
cloudcrm_inc,2023-06,churn_rate,0.02497249339460468,0.023337260260345574
cloudcrm_inc,2023-06,net_retention,1.1668312458112837,1.257421244963389
cloudcrm_inc,2023-06,cac,11673.483723263422,10877.533565740105
cloudcrm_inc,2023-06,ltv,153498.5320061775,165331.0873981485
cloudcrm_inc,2023-06,cac_payback_months,11.061897984310942,10.837221518126603
cloudcrm_inc,2023-07,arr,43037899.09223044,45505717.87147462
cloudcrm_inc,2023-07,mrr,3586491.5910192034,3869360.586490131
cloudcrm_inc,2023-07,customers,847.1811308230234,873.7880902627971
cloudcrm_inc,2023-07,churn_rate,0.03708619338701311,0.03588295806166845
cloudcrm_inc,2023-07,net_retention,1.1389312674764136,1.2237519522623257
cloudcrm_inc,2023-07,cac,13495.967085324966,13180.459656603194
cloudcrm_inc,2023-07,ltv,191549.26547651502,206415.04697294813
cloudcrm_inc,2023-07,cac_payback_months,6.43848937216209,6.124854962904304
cloudcrm_inc,2023-08,arr,45545878.80394129,48278450.65777851
cloudcrm_inc,2023-08,mrr,3795489.9003284406,3908451.2123996955
cloudcrm_inc,2023-08,customers,834.0866448779312,879.048184515501
cloudcrm_inc,2023-08,churn_rate,0.024850143087108856,0.02401263398900108
cloudcrm_inc,2023-08,net_retention,1.1715350159701956,1.2300341407087743
cloudcrm_inc,2023-08,cac,15746.649402976032,14498.352462931349
cloudcrm_inc,2023-08,ltv,167313.82210733584,170750.83419794188
cloudcrm_inc,2023-08,cac_payback_months,9.843691101293324,9.26706500775815
cloudcrm_inc,2023-09,arr,46749020.61862849,47951590.397928104
cloudcrm_inc,2023-09,mrr,3895751.7182190404,4073873.750675134
cloudcrm_inc,2023-09,customers,801.1771180798928,818.6028692718338
cloudcrm_inc,2023-09,churn_rate,0.039030910666150616,0.03703461263399621
cloudcrm_inc,2023-09,net_retention,1.133311380603998,1.2010222484776771
cloudcrm_inc,2023-09,cac,12573.35991727639,11656.889692152745
cloudcrm_inc,2023-09,ltv,209362.94627210387,217179.11331416553
cloudcrm_inc,2023-09,cac_payback_months,10.37316865361968,9.790924746105356
cloudcrm_inc,2023-10,arr,48188367.98891208,51807583.60166832
cloudcrm_inc,2023-10,mrr,4015697.3324093404,4325129.764272867
cloudcrm_inc,2023-10,customers,852.1618458018756,898.7131936082552
cloudcrm_inc,2023-10,churn_rate,0.021347338969868478,0.020096967038733014
cloudcrm_inc,2023-10,net_retention,1.2141511885243088,1.2958064318117954
cloudcrm_inc,2023-10,cac,12973.792531218745,12131.275521010886
cloudcrm_inc,2023-10,ltv,177472.0730360636,187027.95773135818
cloudcrm_inc,2023-10,cac_payback_months,10.525589840082137,9.909997641565475
cloudcrm_inc,2023-11,arr,48449696.07969042,49531858.69477555
cloudcrm_inc,2023-11,mrr,4037474.673307535,4126949.670770532
cloudcrm_inc,2023-11,customers,804.575289265604,829.1255415295768
cloudcrm_inc,2023-11,churn_rate,0.025747788372044774,0.025027010481580153
cloudcrm_inc,2023-11,net_retention,1.2377358630013156,1.2834686245786977
cloudcrm_inc,2023-11,cac,10814.429463596296,10565.995526001478
cloudcrm_inc,2023-11,ltv,185417.05354144523,195595.95612267865
cloudcrm_inc,2023-11,cac_payback_months,7.3251166977780535,6.931002355473531
cloudcrm_inc,2023-12,arr,49596733.30584798,53244746.31408017
cloudcrm_inc,2023-12,mrr,4133061.108820665,4319738.582456948
cloudcrm_inc,2023-12,customers,823.9016227598133,878.9563194713985
cloudcrm_inc,2023-12,churn_rate,0.04276328761271976,0.04056440552150442
cloudcrm_inc,2023-12,net_retention,1.1423744098959279,1.1993245057935533
cloudcrm_inc,2023-12,cac,12824.40313280242,11955.94489608722
cloudcrm_inc,2023-12,ltv,212586.60117732757,224378.3161222332
cloudcrm_inc,2023-12,cac_payback_months,11.678739078902433,10.874869907574956
cloudcrm_inc,2024-01,arr,49895190.847766005,52118756.27224269
cloudcrm_inc,2024-01,mrr,4157932.570647167,4443385.92982889
cloudcrm_inc,2024-01,customers,847.3363715617494,906.7766415337601
cloudcrm_inc,2024-01,churn_rate,0.026212274276325657,0.02463774128254934
cloudcrm_inc,2024-01,net_retention,1.110673742776015,1.1791102194686223
cloudcrm_inc,2024-01,cac,10552.06074090253,10196.111969124222
cloudcrm_inc,2024-01,ltv,215854.91643521754,228650.5889223844
cloudcrm_inc,2024-01,cac_payback_months,9.041522627771007,8.400439835493152
cloudcrm_inc,2024-02,arr,54313582.49058074,55399892.05590708
cloudcrm_inc,2024-02,mrr,4526131.874215062,4729780.424139514
cloudcrm_inc,2024-02,customers,828.0629291548985,870.5844664017758
cloudcrm_inc,2024-02,churn_rate,0.02847417279110011,0.02628957916273906
cloudcrm_inc,2024-02,net_retention,1.163784227815654,1.255007093481909
cloudcrm_inc,2024-02,cac,10300.56872319126,9616.276396211457
cloudcrm_inc,2024-02,ltv,158950.67608556923,165030.8451363137
cloudcrm_inc,2024-02,cac_payback_months,10.593280503095166,9.939002960195529
cloudcrm_inc,2024-03,arr,52536622.720392704,56261759.41766167
cloudcrm_inc,2024-03,mrr,4378051.893366058,4576630.484604012
cloudcrm_inc,2024-03,customers,794.2031921878396,824.5225775679154
cloudcrm_inc,2024-03,churn_rate,0.041880343822639894,0.03934732464023168
cloudcrm_inc,2024-03,net_retention,1.2450268249698928,1.323161322014498
cloudcrm_inc,2024-03,cac,11794.34786628036,11428.802906458073
cloudcrm_inc,2024-03,ltv,196413.30342623958,202481.85345608965
cloudcrm_inc,2024-03,cac_payback_months,10.451377961752291,9.847878405478323
cloudcrm_inc,2024-04,arr,57928515.565945536,59359775.61587038
cloudcrm_inc,2024-04,mrr,4827376.297162128,5081633.325960661
cloudcrm_inc,2024-04,customers,848.3190948919748,901.389300981689
cloudcrm_inc,2024-04,churn_rate,0.049545752082874275,0.046079495507017516
cloudcrm_inc,2024-04,net_retention,1.213137238952312,1.294220788110333
cloudcrm_inc,2024-04,cac,13145.56160822338,12554.357942652636
cloudcrm_inc,2024-04,ltv,191344.64837962465,206103.69391304065
cloudcrm_inc,2024-04,cac_payback_months,9.966085525483923,9.194165738572257
cloudcrm_inc,2024-05,arr,56093447.54388411,58928042.0358993
cloudcrm_inc,2024-05,mrr,4674453.9619903425,4871514.198795402
cloudcrm_inc,2024-05,customers,836.219433562527,899.7516162418422
cloudcrm_inc,2024-05,churn_rate,0.028896797366177923,0.028019790523560174
cloudcrm_inc,2024-05,net_retention,1.2071636246106863,1.2818056453776168
cloudcrm_inc,2024-05,cac,16072.042260175447,15475.120151987521
cloudcrm_inc,2024-05,ltv,157176.11748465322,164673.88488621818
cloudcrm_inc,2024-05,cac_payback_months,9.083126785240607,8.858407242639286
cloudcrm_inc,2024-06,arr,60400802.618180364,62825087.11884101
cloudcrm_inc,2024-06,mrr,5033400.218181697,5429586.840910506
cloudcrm_inc,2024-06,customers,845.9633402711081,906.3585525286306
cloudcrm_inc,2024-06,churn_rate,0.04585072711362036,0.04411161782357493
cloudcrm_inc,2024-06,net_retention,1.1411107384013288,1.2137120898557523
cloudcrm_inc,2024-06,cac,16456.567230933622,15695.02917624481
cloudcrm_inc,2024-06,ltv,163666.84220695443,176240.6193772533
cloudcrm_inc,2024-06,cac_payback_months,8.072051713469328,7.666637155383476
cloudcrm_inc,2024-07,arr,60380923.159096524,61629907.32517279
cloudcrm_inc,2024-07,mrr,5031743.596591377,5344828.680127479
cloudcrm_inc,2024-07,customers,810.0272894105304,873.3839193961028
cloudcrm_inc,2024-07,churn_rate,0.04358616956783174,0.041243834854122204
cloudcrm_inc,2024-07,net_retention,1.2101665898113387,1.251431339460784
cloudcrm_inc,2024-07,cac,13074.84030819308,12581.817637189151
cloudcrm_inc,2024-07,ltv,151763.53897714606,162239.4252744953
cloudcrm_inc,2024-07,cac_payback_months,11.033983966308064,10.513023449781876
cloudcrm_inc,2024-08,arr,65976772.86869355,69484258.07792357
cloudcrm_inc,2024-08,mrr,5498064.405724463,5738842.354873433
cloudcrm_inc,2024-08,customers,803.9848467953364,826.4183569556114
cloudcrm_inc,2024-08,churn_rate,0.03514386794913585,0.0341569489064875
cloudcrm_inc,2024-08,net_retention,1.2077680920983824,1.2433204276952345
cloudcrm_inc,2024-08,cac,16901.123769193433,15863.179644699145
cloudcrm_inc,2024-08,ltv,162547.8928335453,168627.62809299296
cloudcrm_inc,2024-08,cac_payback_months,10.800020890582088,10.50069660575198
cloudcrm_inc,2024-09,arr,66138003.32202422,67509004.86400609
cloudcrm_inc,2024-09,mrr,5511500.276835351,5844621.940601163
cloudcrm_inc,2024-09,customers,854.5538630675895,874.302729271919
cloudcrm_inc,2024-09,churn_rate,0.027514036963774968,0.02621899306260256
cloudcrm_inc,2024-09,net_retention,1.1937311149410499,1.2382071055399617
cloudcrm_inc,2024-09,cac,14573.967865149989,13676.30757413093
cloudcrm_inc,2024-09,ltv,208298.12637517898,216875.32460012136
cloudcrm_inc,2024-09,cac_payback_months,11.436522362887564,10.9479260731035
cloudcrm_inc,2024-10,arr,65946911.17058457,69978023.80675158
cloudcrm_inc,2024-10,mrr,5495575.930882047,5715109.732817688
cloudcrm_inc,2024-10,customers,851.6939851111,871.6194845923454
cloudcrm_inc,2024-10,churn_rate,0.03213582156721609,0.030285931444660626
cloudcrm_inc,2024-10,net_retention,1.110252980046494,1.1953726508536462
cloudcrm_inc,2024-10,cac,16270.078739872857,15594.936591130972
cloudcrm_inc,2024-10,ltv,170003.08272148942,180252.35589131684
cloudcrm_inc,2024-10,cac_payback_months,8.596601277595575,8.235001829573662
cloudcrm_inc,2024-11,arr,67086631.98480175,72374542.8404773
cloudcrm_inc,2024-11,mrr,5590552.665400146,5725006.311245221
cloudcrm_inc,2024-11,customers,832.2083907703059,874.752597775178
cloudcrm_inc,2024-11,churn_rate,0.042528193950899545,0.039583621793900986
cloudcrm_inc,2024-11,net_retention,1.115205934632974,1.2024603079686322
cloudcrm_inc,2024-11,cac,12222.822208717698,11328.089747654787
cloudcrm_inc,2024-11,ltv,169342.33759260975,176829.98857613988
cloudcrm_inc,2024-11,cac_payback_months,8.592113565567036,8.285143975603212
cloudcrm_inc,2024-12,arr,72803249.1102844,75432321.88874072
cloudcrm_inc,2024-12,mrr,6066937.425857034,6292916.890370033
cloudcrm_inc,2024-12,customers,833.8383936837247,883.3728668179795
cloudcrm_inc,2024-12,churn_rate,0.030395725038581546,0.029730430700932103
cloudcrm_inc,2024-12,net_retention,1.1596418567829307,1.2248348717633848
cloudcrm_inc,2024-12,cac,12114.210105269114,11201.026023116583
cloudcrm_inc,2024-12,ltv,164373.305709476,168406.20753166525
cloudcrm_inc,2024-12,cac_payback_months,8.898238185353339,8.694338556574664
cloudcrm_inc,2025-01,arr,72095813.60317409,77712143.96726085
cloudcrm_inc,2025-01,mrr,6007984.4669311745,6218585.847552191
cloudcrm_inc,2025-01,customers,813.1679785936495,862.4147139734341
cloudcrm_inc,2025-01,churn_rate,0.03797133761451145,0.0365435314868103
cloudcrm_inc,2025-01,net_retention,1.19354731674354,1.2611026260293436
cloudcrm_inc,2025-01,cac,15188.038560949506,14258.142450232934
cloudcrm_inc,2025-01,ltv,168718.1419500279,174836.83616250966
cloudcrm_inc,2025-01,cac_payback_months,6.09066410528685,5.82182278224345
cloudcrm_inc,2025-02,arr,78680406.223345,81210607.42588441
cloudcrm_inc,2025-02,mrr,6556700.518612083,6918992.004134254
cloudcrm_inc,2025-02,customers,871.4489152615598,925.5383339069133
cloudcrm_inc,2025-02,churn_rate,0.02317717413211273,0.02226878449744315
cloudcrm_inc,2025-02,net_retention,1.123224291889658,1.17319553136489
cloudcrm_inc,2025-02,cac,17557.890070264635,16169.476973601042
cloudcrm_inc,2025-02,ltv,201557.46598343548,212638.2012350152
cloudcrm_inc,2025-02,cac_payback_months,11.297962948978638,10.565697821779189
cloudcrm_inc,2025-03,arr,77899181.36171284,79933408.3376116
cloudcrm_inc,2025-03,mrr,6491598.446809404,6624670.999187968
cloudcrm_inc,2025-03,customers,873.5675429805303,913.7647251304635
cloudcrm_inc,2025-03,churn_rate,0.031971059529273045,0.029591054856884978
cloudcrm_inc,2025-03,net_retention,1.225970240999664,1.305539462311634
cloudcrm_inc,2025-03,cac,11508.32484599401,11219.154244976828
cloudcrm_inc,2025-03,ltv,197072.23486175202,206145.68854310227
cloudcrm_inc,2025-03,cac_payback_months,11.862041726633661,11.097209286167795
cloudcrm_inc,2025-04,arr,80220956.6971743,85262295.38721475
cloudcrm_inc,2025-04,mrr,6685079.724764525,6855438.881597374
cloudcrm_inc,2025-04,customers,859.304190057808,886.7643039637733
cloudcrm_inc,2025-04,churn_rate,0.02027162484741113,0.01971715947565544
cloudcrm_inc,2025-04,net_retention,1.1884180984227046,1.2648611781139967
cloudcrm_inc,2025-04,cac,14906.333479099032,13726.120549487994
cloudcrm_inc,2025-04,ltv,194638.17728271548,201431.5509842903
cloudcrm_inc,2025-04,cac_payback_months,7.452132479885263,6.951829012443122
cloudcrm_inc,2025-05,arr,81381143.49989018,83405007.14648934
cloudcrm_inc,2025-05,mrr,6781761.958324182,7304564.207609213
cloudcrm_inc,2025-05,customers,828.7965371451486,887.0688155868667
cloudcrm_inc,2025-05,churn_rate,0.021875788872285373,0.02118244491233447
cloudcrm_inc,2025-05,net_retention,1.168841077489523,1.2499341356858005
cloudcrm_inc,2025-05,cac,15861.86779828932,15480.590220870801
cloudcrm_inc,2025-05,ltv,192471.22073022055,202605.83865953502
cloudcrm_inc,2025-05,cac_payback_months,10.037230011588479,9.354868211492747
cloudcrm_inc,2025-06,arr,86912687.07760805,91698702.33155599
cloudcrm_inc,2025-06,mrr,7242723.923134004,7621517.780237006
cloudcrm_inc,2025-06,customers,863.3490623484943,894.542909368522
cloudcrm_inc,2025-06,churn_rate,0.04213752180062076,0.039698051520295104
cloudcrm_inc,2025-06,net_retention,1.178217353625032,1.2650764386819668
cloudcrm_inc,2025-06,cac,10547.669754668625,10125.63410203532
cloudcrm_inc,2025-06,ltv,175977.90569010895,187811.22700003735
cloudcrm_inc,2025-06,cac_payback_months,11.524599650780143,10.916800624958876
cloudcrm_inc,2025-07,arr,89765218.83847699,91905255.83786899
cloudcrm_inc,2025-07,mrr,7480434.9032064155,8000209.887200584
cloudcrm_inc,2025-07,customers,831.4913785075436,862.7080482094319
cloudcrm_inc,2025-07,churn_rate,0.04116382490850459,0.03896712427775099
cloudcrm_inc,2025-07,net_retention,1.1641402000555006,1.1889536152732518
cloudcrm_inc,2025-07,cac,13540.364118517964,12701.711399656224
cloudcrm_inc,2025-07,ltv,195452.5627203817,205256.0478433127
cloudcrm_inc,2025-07,cac_payback_months,11.61768372881356,10.72742718449335
cloudcrm_inc,2025-08,arr,91316341.5095681,94016523.33462107
cloudcrm_inc,2025-08,mrr,7609695.125797342,7835153.3227348365
cloudcrm_inc,2025-08,customers,878.4940593930312,899.7795459098453
cloudcrm_inc,2025-08,churn_rate,0.023161796543234157,0.02156684749224609
cloudcrm_inc,2025-08,net_retention,1.2146661092113256,1.2873677179571896
cloudcrm_inc,2025-08,cac,13277.368427007941,12917.570818372124
cloudcrm_inc,2025-08,ltv,195862.16001670365,209346.78813533564
cloudcrm_inc,2025-08,cac_payback_months,7.561419587911376,7.26734130034057
cloudcrm_inc,2025-09,arr,90599462.45966372,94334638.16519167
cloudcrm_inc,2025-09,mrr,7549955.204971977,8076287.768012597
cloudcrm_inc,2025-09,customers,836.8817563796309,893.2520786192032
cloudcrm_inc,2025-09,churn_rate,0.02929420625967407,0.02749166783364757
cloudcrm_inc,2025-09,net_retention,1.1374935419596433,1.2226091200162272
cloudcrm_inc,2025-09,cac,14120.045277677786,13797.669126343164
cloudcrm_inc,2025-09,ltv,187488.76704157708,194914.17576312323
cloudcrm_inc,2025-09,cac_payback_months,8.141315851026661,7.663139710161021
cloudcrm_inc,2025-10,arr,97291448.59805557,100368950.69257131
cloudcrm_inc,2025-10,mrr,8107620.716504631,8687550.769570997
cloudcrm_inc,2025-10,customers,882.2244772622737,935.7017905125332
cloudcrm_inc,2025-10,churn_rate,0.04628958299426935,0.044913602110285555
cloudcrm_inc,2025-10,net_retention,1.1153851943875386,1.1951640760346067
cloudcrm_inc,2025-10,cac,13141.84594617133,12680.584910985064
cloudcrm_inc,2025-10,ltv,188735.98328248403,197484.3936298311
cloudcrm_inc,2025-10,cac_payback_months,9.01879483530924,8.627675003735376
cloudcrm_inc,2025-11,arr,96888211.25464514,98837556.34481524
cloudcrm_inc,2025-11,mrr,8074017.604553762,8583684.936303215
cloudcrm_inc,2025-11,customers,865.5297274324363,920.8752148028489
cloudcrm_inc,2025-11,churn_rate,0.025377597672178422,0.024131456141329295
cloudcrm_inc,2025-11,net_retention,1.2040924385765235,1.239832031065153
cloudcrm_inc,2025-11,cac,11836.785286031749,10949.18334831905
cloudcrm_inc,2025-11,ltv,158228.5910105154,161574.76779513728
cloudcrm_inc,2025-11,cac_payback_months,6.991706940857744,6.50190214634846
cloudcrm_inc,2025-12,arr,107491970.52266096,111224214.15643543
cloudcrm_inc,2025-12,mrr,8957664.210221747,9167846.212214362
cloudcrm_inc,2025-12,customers,837.6267620779272,874.0316730814792
cloudcrm_inc,2025-12,churn_rate,0.03062813981651647,0.028608281446609027
cloudcrm_inc,2025-12,net_retention,1.1158018226722,1.1528165791885228
cloudcrm_inc,2025-12,cac,11778.890437985363,11514.946330266095
cloudcrm_inc,2025-12,ltv,186345.71995461435,196963.3318191991
cloudcrm_inc,2025-12,cac_payback_months,9.646516098573915,9.197111022708507
manufacturetech_co,2023-01,revenue,94199863.48347156,100052384.73748784
manufacturetech_co,2023-01,gross_margin,0.3400522066802202,0.3503563443451519
manufacturetech_co,2023-01,ebitda_margin,0.1757267005373313,0.18451422437722215
manufacturetech_co,2023-01,inventory_turns,5.0892894211083215,5.316869648030308
manufacturetech_co,2023-02,revenue,99153886.86575615,104740045.64864661
manufacturetech_co,2023-02,gross_margin,0.36839864897057273,0.37835728758038456
manufacturetech_co,2023-02,ebitda_margin,0.17455056929823745,0.18157315666836887
manufacturetech_co,2023-02,inventory_turns,3.346183926536752,3.4417861342692864
manufacturetech_co,2023-03,revenue,98074653.93982126,101238442.53438307
manufacturetech_co,2023-03,gross_margin,0.30887529593706137,0.324463708220319
manufacturetech_co,2023-03,ebitda_margin,0.15486031224632363,0.16185323091310239
manufacturetech_co,2023-03,inventory_turns,5.6870243328563355,5.8069491312596675
manufacturetech_co,2023-04,revenue,99680753.18787566,105432889.60274497
manufacturetech_co,2023-04,gross_margin,0.289666426884044,0.30742816323178185
manufacturetech_co,2023-04,ebitda_margin,0.1663957029367735,0.17225222317295302
manufacturetech_co,2023-04,inventory_turns,4.68203488481685,4.778478841338546
manufacturetech_co,2023-05,revenue,99646503.70253794,106681504.02264404
manufacturetech_co,2023-05,gross_margin,0.354991923908661,0.37242404358427156
manufacturetech_co,2023-05,ebitda_margin,0.21705647844901482,0.22574258030065178
manufacturetech_co,2023-05,inventory_turns,5.464165088702083,5.832960672252657
manufacturetech_co,2023-06,revenue,97617961.02699329,102301532.70361704
manufacturetech_co,2023-06,gross_margin,0.30568190749648083,0.3131839478688716
manufacturetech_co,2023-06,ebitda_margin,0.2196963627386064,0.22920252887317166
manufacturetech_co,2023-06,inventory_turns,5.647679630317041,6.032920619215758
manufacturetech_co,2023-07,revenue,102693486.30586709,107146717.07809229
manufacturetech_co,2023-07,gross_margin,0.30848618394966343,0.32468345397744414
manufacturetech_co,2023-07,ebitda_margin,0.10937630568353801,0.11791683952804755
manufacturetech_co,2023-07,inventory_turns,5.632051359398516,5.7671861445667245
manufacturetech_co,2023-08,revenue,100835826.83846146,105475115.2353164
manufacturetech_co,2023-08,gross_margin,0.2903747591604814,0.3135556494949101
manufacturetech_co,2023-08,ebitda_margin,0.15256564998531005,0.1607345575763083
manufacturetech_co,2023-08,inventory_turns,5.411443635580341,5.623949561504214
manufacturetech_co,2023-09,revenue,97202480.53547454,101301941.88175571
manufacturetech_co,2023-09,gross_margin,0.32907287480006264,0.34482043055307465
manufacturetech_co,2023-09,ebitda_margin,0.15215465832633712,0.16179582643795026
manufacturetech_co,2023-09,inventory_turns,3.2061410331718827,3.396597894754907
manufacturetech_co,2023-10,revenue,102745936.86059429,107784532.0616579
manufacturetech_co,2023-10,gross_margin,0.28117091546276,0.2868839734610927
manufacturetech_co,2023-10,ebitda_margin,0.13047343594127506,0.1393808154717662
manufacturetech_co,2023-10,inventory_turns,4.985052865199569,5.3159037171586405
manufacturetech_co,2023-11,revenue,101782819.6820091,108593881.55686629
manufacturetech_co,2023-11,gross_margin,0.28930486560867813,0.3081400066772601
manufacturetech_co,2023-11,ebitda_margin,0.20731210693456184,0.22144667215787694
manufacturetech_co,2023-11,inventory_turns,4.751140763194092,4.993831332855477
manufacturetech_co,2023-12,revenue,98277409.74324428,101244685.85246372
manufacturetech_co,2023-12,gross_margin,0.37396204627315643,0.38581608668225337
manufacturetech_co,2023-12,ebitda_margin,0.18686632990727586,0.2005869100212585
manufacturetech_co,2023-12,inventory_turns,5.2267595615972615,5.566491970571909
manufacturetech_co,2024-01,revenue,106788424.29406533,114621106.97955108
manufacturetech_co,2024-01,gross_margin,0.3862201449629489,0.407357357580196
manufacturetech_co,2024-01,ebitda_margin,0.18360174283864225,0.19424026665357885
manufacturetech_co,2024-01,inventory_turns,4.962398211083621,5.108236161839645
manufacturetech_co,2024-02,revenue,102990841.66529721,106989935.72557314
manufacturetech_co,2024-02,gross_margin,0.38029559567413385,0.39341200509830926
manufacturetech_co,2024-02,ebitda_margin,0.13793197776429117,0.14246921682395514
manufacturetech_co,2024-02,inventory_turns,3.606762541573605,3.770837958753833
manufacturetech_co,2024-03,revenue,108162952.06749982,114844109.33433276
manufacturetech_co,2024-03,gross_margin,0.3509883505434206,0.3660695919694642
manufacturetech_co,2024-03,ebitda_margin,0.12630885331414524,0.13506330184930465
manufacturetech_co,2024-03,inventory_turns,3.230915008142622,3.423382702731463
manufacturetech_co,2024-04,revenue,107691646.76628761,115913269.56031232
manufacturetech_co,2024-04,gross_margin,0.3180724455185828,0.33657868186850154
manufacturetech_co,2024-04,ebitda_margin,0.19693024914454815,0.20470322550697168
manufacturetech_co,2024-04,inventory_turns,3.792185954081156,3.9293520190813607
manufacturetech_co,2024-05,revenue,102012623.38128474,105672642.6490244
manufacturetech_co,2024-05,gross_margin,0.37724973424512187,0.399778385440145
manufacturetech_co,2024-05,ebitda_margin,0.13062018581970983,0.13961944426253378
manufacturetech_co,2024-05,inventory_turns,4.785909797782467,5.105041511783401
manufacturetech_co,2024-06,revenue,108706952.46926011,113283605.70237292
manufacturetech_co,2024-06,gross_margin,0.3062811367969153,0.32035192915561406
manufacturetech_co,2024-06,ebitda_margin,0.11237389257783262,0.11483139111783697
manufacturetech_co,2024-06,inventory_turns,5.096846485462157,5.278164693963177
manufacturetech_co,2024-07,revenue,101652870.14523795,103923669.13743363
manufacturetech_co,2024-07,gross_margin,0.40308600816417467,0.4272755395084236
manufacturetech_co,2024-07,ebitda_margin,0.13407553565059427,0.13935565022831234
manufacturetech_co,2024-07,inventory_turns,4.672011508719024,5.017157065415355
manufacturetech_co,2024-08,revenue,111476014.5470649,119226377.75288159
manufacturetech_co,2024-08,gross_margin,0.3255406865706447,0.34855390021878385
manufacturetech_co,2024-08,ebitda_margin,0.2261345253966655,0.234035784246178
manufacturetech_co,2024-08,inventory_turns,5.988473020496336,6.315456486291175
manufacturetech_co,2024-09,revenue,103327817.3079212,110032866.28869416
manufacturetech_co,2024-09,gross_margin,0.2932885111550338,0.3133494169223163
manufacturetech_co,2024-09,ebitda_margin,0.23984496568466068,0.25698941871783604
manufacturetech_co,2024-09,inventory_turns,3.9799177482777326,4.297744817264184
manufacturetech_co,2024-10,revenue,105886563.95225982,108146771.25212167
manufacturetech_co,2024-10,gross_margin,0.285649115760358,0.2975394343437218
manufacturetech_co,2024-10,ebitda_margin,0.15756681251924204,0.16812761705390672
manufacturetech_co,2024-10,inventory_turns,3.390242009486841,3.5732162235376697
manufacturetech_co,2024-11,revenue,107347630.72388238,114417674.84254362
manufacturetech_co,2024-11,gross_margin,0.37160788076898077,0.39294730913899767
manufacturetech_co,2024-11,ebitda_margin,0.1324825452432335,0.14119170366446723
manufacturetech_co,2024-11,inventory_turns,3.043144338216255,3.1111168652820465
manufacturetech_co,2024-12,revenue,113811289.90595268,121990451.4758925
manufacturetech_co,2024-12,gross_margin,0.36673366800508245,0.3869833040413703
manufacturetech_co,2024-12,ebitda_margin,0.1788753490997696,0.1886879182024935
manufacturetech_co,2024-12,inventory_turns,4.873842144343595,5.261023816864261
manufacturetech_co,2025-01,revenue,113652775.63525341,117486571.0431216
manufacturetech_co,2025-01,gross_margin,0.34192113276315894,0.36100413160865896
manufacturetech_co,2025-01,ebitda_margin,0.19903558000460986,0.21410076733958244
manufacturetech_co,2025-01,inventory_turns,4.167691415075366,4.483387251435415
manufacturetech_co,2025-02,revenue,109757854.77720566,118414135.68381487
manufacturetech_co,2025-02,gross_margin,0.3538748452710373,0.37474303449660085
manufacturetech_co,2025-02,ebitda_margin,0.12962902579978058,0.13847813096951447
manufacturetech_co,2025-02,inventory_turns,5.986893328496651,6.36350489815436
manufacturetech_co,2025-03,revenue,113284064.71481349,120154958.12072165
manufacturetech_co,2025-03,gross_margin,0.2874687195784457,0.299653758851833
manufacturetech_co,2025-03,ebitda_margin,0.16366700795737255,0.17618778270894525
manufacturetech_co,2025-03,inventory_turns,5.024358906502232,5.175297792361356
manufacturetech_co,2025-04,revenue,112964677.13643396,117089841.32828595
manufacturetech_co,2025-04,gross_margin,0.3767237567171152,0.38778903537422843
manufacturetech_co,2025-04,ebitda_margin,0.1975990128248533,0.20909066392913872
manufacturetech_co,2025-04,inventory_turns,4.945916870306447,5.222681114510039
manufacturetech_co,2025-05,revenue,110042090.38523106,117771669.62559672
manufacturetech_co,2025-05,gross_margin,0.37871948037987885,0.3901506377240572
manufacturetech_co,2025-05,ebitda_margin,0.1637240788427119,0.16718662897220699
manufacturetech_co,2025-05,inventory_turns,5.003281774809459,5.3372315965789054
manufacturetech_co,2025-06,revenue,115674022.6510009,124656713.03451982
manufacturetech_co,2025-06,gross_margin,0.37794953974709705,0.39766191552522795
manufacturetech_co,2025-06,ebitda_margin,0.21734169649840995,0.22805875860044023
manufacturetech_co,2025-06,inventory_turns,5.4084328044735015,5.647016255498193
manufacturetech_co,2025-07,revenue,111167128.95036115,117280370.36987258
manufacturetech_co,2025-07,gross_margin,0.36016501260348316,0.3801795303206261
manufacturetech_co,2025-07,ebitda_margin,0.13878175340563703,0.14451281247955453
manufacturetech_co,2025-07,inventory_turns,5.763922536638926,5.897180743223478
manufacturetech_co,2025-08,revenue,110469061.89437373,118517658.821498
manufacturetech_co,2025-08,gross_margin,0.33926692018144766,0.3640248860200492
manufacturetech_co,2025-08,ebitda_margin,0.11183915293361331,0.11849836081712407
manufacturetech_co,2025-08,inventory_turns,4.8205408666204175,4.978046784509607
manufacturetech_co,2025-09,revenue,120875695.31124991,125371204.1992848
manufacturetech_co,2025-09,gross_margin,0.4040530809438491,0.4315927000284822
manufacturetech_co,2025-09,ebitda_margin,0.12753150189341422,0.13771288675846696
manufacturetech_co,2025-09,inventory_turns,5.212278257312032,5.325914056142213
manufacturetech_co,2025-10,revenue,122056878.5439963,130703787.65816015
manufacturetech_co,2025-10,gross_margin,0.36716827470381214,0.37588618754902725
manufacturetech_co,2025-10,ebitda_margin,0.23627356668307495,0.2457520926365032
manufacturetech_co,2025-10,inventory_turns,4.395028552579283,4.500601499445564
manufacturetech_co,2025-11,revenue,123763477.48271959,126870709.23565921
manufacturetech_co,2025-11,gross_margin,0.3943763470180571,0.4113881081556803
manufacturetech_co,2025-11,ebitda_margin,0.21935663897443586,0.2246786902245614
manufacturetech_co,2025-11,inventory_turns,5.813895694301682,6.003705354517129
manufacturetech_co,2025-12,revenue,115689538.83012952,119165947.61805932
manufacturetech_co,2025-12,gross_margin,0.345675009546661,0.3556430786478058
manufacturetech_co,2025-12,ebitda_margin,0.13759870344350997,0.14838432385700184
manufacturetech_co,2025-12,inventory_turns,3.302934320453283,3.519466603684191
healthcaretech,2023-01,arr,57572688.058982596,59172099.86182894
healthcaretech,2023-01,mrr,4797724.004915216,4967504.824066371
healthcaretech,2023-01,customers,402.07169556825306,418.68497030388505
healthcaretech,2023-01,churn_rate,0.028351054449879697,0.02722947688353191
healthcaretech,2023-01,net_retention,1.219743979581378,1.2487176445508437
healthcaretech,2023-01,cac,12610.031344329174,11760.498783225568
healthcaretech,2023-01,ltv,170956.8361593744,182674.46019790616
healthcaretech,2023-01,cac_payback_months,7.395035953246987,6.8686226514205595
healthcaretech,2023-02,arr,55150613.9952598,58913446.26971837
healthcaretech,2023-02,mrr,4595884.499604983,4725621.30624781
healthcaretech,2023-02,customers,416.3618673086263,439.19596196616476
healthcaretech,2023-02,churn_rate,0.02464775933430328,0.0234235180836073
healthcaretech,2023-02,net_retention,1.1124105253427286,1.1442752213319642
healthcaretech,2023-02,cac,13876.303960640087,13285.727203159635
healthcaretech,2023-02,ltv,171169.36578949756,177403.08451206362
healthcaretech,2023-02,cac_payback_months,9.380450186903126,8.904580503424711
healthcaretech,2023-03,arr,54699438.406391084,58172872.68740589
healthcaretech,2023-03,mrr,4558286.533865924,4806518.303749256
healthcaretech,2023-03,customers,404.04904546360547,428.3052168507686
healthcaretech,2023-03,churn_rate,0.02919390404128461,0.02821949785482181
healthcaretech,2023-03,net_retention,1.223357181677803,1.3111112573046813
healthcaretech,2023-03,cac,10455.829815978946,9816.273157328793
healthcaretech,2023-03,ltv,179302.5092442831,188676.6886952975
healthcaretech,2023-03,cac_payback_months,8.750588544788627,8.491627868860004
healthcaretech,2023-04,arr,61001843.07330617,63990375.3267654
healthcaretech,2023-04,mrr,5083486.922775514,5440824.664261542
healthcaretech,2023-04,customers,418.54694104316735,435.9937466366314
healthcaretech,2023-04,churn_rate,0.031144017878731306,0.03025914409189511
healthcaretech,2023-04,net_retention,1.1292749775827977,1.1794241460829737
healthcaretech,2023-04,cac,13915.14029925271,13075.973658294904
healthcaretech,2023-04,ltv,201914.90162852296,211453.23935670717
healthcaretech,2023-04,cac_payback_months,8.955414424519786,8.648662980057091
healthcaretech,2023-05,arr,57031129.911655486,60377985.51177903
healthcaretech,2023-05,mrr,4752594.1593046235,4913182.431771388
healthcaretech,2023-05,customers,396.91398434062387,418.013826989316
healthcaretech,2023-05,churn_rate,0.04854334476989276,0.04574386926691635
healthcaretech,2023-05,net_retention,1.1263237441072036,1.1935653117024698
healthcaretech,2023-05,cac,14541.818543448437,13501.691888480273
healthcaretech,2023-05,ltv,190552.01266633565,200889.96336553362
healthcaretech,2023-05,cac_payback_months,8.93774677230147,8.32208100176718
healthcaretech,2023-06,arr,59022887.96385738,62226392.2860512
healthcaretech,2023-06,mrr,4918573.996988115,5059147.173136903
healthcaretech,2023-06,customers,398.2903695571076,415.20691444460687
healthcaretech,2023-06,churn_rate,0.025485133396064515,0.024666141513125774
healthcaretech,2023-06,net_retention,1.2238566427341,1.275311790616472
healthcaretech,2023-06,cac,12285.660541287123,11366.951538303063
healthcaretech,2023-06,ltv,214898.66473051146,226375.77805915553
healthcaretech,2023-06,cac_payback_months,11.819559152071145,11.47333177359982
healthcaretech,2023-07,arr,63311576.0557134,65577803.840860054
healthcaretech,2023-07,mrr,5275964.67130945,5381690.800730029
healthcaretech,2023-07,customers,397.539979889013,426.258324505768
healthcaretech,2023-07,churn_rate,0.040182938432374,0.03887923067264418
healthcaretech,2023-07,net_retention,1.1330756395153472,1.1983858203645155
healthcaretech,2023-07,cac,11745.660276417379,11334.749461119132
healthcaretech,2023-07,ltv,211185.02413136297,217335.34743683107
healthcaretech,2023-07,cac_payback_months,7.498013716441381,7.104363615053252
healthcaretech,2023-08,arr,61713975.15899701,63830073.26228834
healthcaretech,2023-08,mrr,5142831.26324975,5526003.425356037
healthcaretech,2023-08,customers,395.56252541002715,414.5828105477797
healthcaretech,2023-08,churn_rate,0.03458391455644772,0.032784788935221854
healthcaretech,2023-08,net_retention,1.2381109475513954,1.3193737882643126
healthcaretech,2023-08,cac,10320.472952405556,9590.501072980534
healthcaretech,2023-08,ltv,170402.26394456558,178792.17639228085
healthcaretech,2023-08,cac_payback_months,7.245245617234221,6.852546877140651
healthcaretech,2023-09,arr,64440348.383436926,66519638.811987124
healthcaretech,2023-09,mrr,5370029.031953077,5587110.808940893
healthcaretech,2023-09,customers,425.5856577907343,447.135121797672
healthcaretech,2023-09,churn_rate,0.04308346682246142,0.041226903231746666
healthcaretech,2023-09,net_retention,1.1596798554526142,1.2462341189524793
healthcaretech,2023-09,cac,16620.424418192375,15799.229866539728
healthcaretech,2023-09,ltv,161949.58543187362,170059.46011056504
healthcaretech,2023-09,cac_payback_months,6.182782117853761,5.706798043386302
healthcaretech,2023-10,arr,61995742.83039545,64119017.25893215
healthcaretech,2023-10,mrr,5166311.902532955,5285017.540234643
healthcaretech,2023-10,customers,411.72167556304373,437.85607832056564
healthcaretech,2023-10,churn_rate,0.033145358397450336,0.030715657124348088
healthcaretech,2023-10,net_retention,1.2258770592470447,1.2951380956171155
healthcaretech,2023-10,cac,11285.43667769476,10572.907893006603
healthcaretech,2023-10,ltv,151748.01634819346,156362.6375642946
healthcaretech,2023-10,cac_payback_months,8.694232607580755,8.19679288337491
healthcaretech,2023-11,arr,68236888.3605339,71918056.49539264
healthcaretech,2023-11,mrr,5686407.363377824,6117145.23234115
healthcaretech,2023-11,customers,407.22277770196206,424.83082635418685
healthcaretech,2023-11,churn_rate,0.04252308947633167,0.03929005521292665
healthcaretech,2023-11,net_retention,1.1188229445198727,1.1424852992151597
healthcaretech,2023-11,cac,16182.171357320633,15690.4196640507
healthcaretech,2023-11,ltv,166585.3327434654,175161.83504646577
healthcaretech,2023-11,cac_payback_months,10.064358779333237,9.727350133739234
healthcaretech,2023-12,arr,65691200.44281793,69415091.17058514
healthcaretech,2023-12,mrr,5474266.7035681605,5806609.42472731
healthcaretech,2023-12,customers,406.35846232045793,422.2279720412868
healthcaretech,2023-12,churn_rate,0.02090311616633957,0.02029455442470903
healthcaretech,2023-12,net_retention,1.2442238486861168,1.3398171785016544
healthcaretech,2023-12,cac,15342.943253606507,14930.084704826373
healthcaretech,2023-12,ltv,215324.35614315144,229179.19051046317
healthcaretech,2023-12,cac_payback_months,7.592978444574434,7.111947168945418
healthcaretech,2024-01,arr,67248610.28947622,69851990.01324433
healthcaretech,2024-01,mrr,5604050.857456352,5830445.051493575
healthcaretech,2024-01,customers,427.20408085935867,437.771556581308
healthcaretech,2024-01,churn_rate,0.02030853487807076,0.019223406971821694
healthcaretech,2024-01,net_retention,1.2074074959863217,1.2504671627495765
healthcaretech,2024-01,cac,15649.969300442099,14720.411237242342
healthcaretech,2024-01,ltv,193588.2678664858,207153.8316609647
healthcaretech,2024-01,cac_payback_months,11.940653076521194,11.6556185924689
healthcaretech,2024-02,arr,67839249.2520173,69808509.79095523
healthcaretech,2024-02,mrr,5653270.771001442,6094704.061102607
healthcaretech,2024-02,customers,408.585225335588,427.708187189136
healthcaretech,2024-02,churn_rate,0.047858916863461824,0.04547032989658077
healthcaretech,2024-02,net_retention,1.1092712691033835,1.147873373432836
healthcaretech,2024-02,cac,10738.884224891028,10183.228744425069
healthcaretech,2024-02,ltv,161395.36924443606,171033.06433816737
healthcaretech,2024-02,cac_payback_months,9.57127700476125,9.236958311826186
healthcaretech,2024-03,arr,73166469.11041613,75562439.52129534
healthcaretech,2024-03,mrr,6097205.759201344,6461888.267075877
healthcaretech,2024-03,customers,415.97734097035584,434.5598180721059
healthcaretech,2024-03,churn_rate,0.04713079324981572,0.04449827336239852
healthcaretech,2024-03,net_retention,1.2226111770959165,1.3119537496375562
healthcaretech,2024-03,cac,16056.384917589003,15634.64423263171
healthcaretech,2024-03,ltv,153892.38651763226,165365.1433168652
healthcaretech,2024-03,cac_payback_months,6.041267773317896,5.671739641956539
healthcaretech,2024-04,arr,74083140.72850226,76097718.06806229
healthcaretech,2024-04,mrr,6173595.060708522,6569295.0368105415
healthcaretech,2024-04,customers,406.60956834579923,427.7074389079413
healthcaretech,2024-04,churn_rate,0.025718294992233492,0.02410515918872967
healthcaretech,2024-04,net_retention,1.1276948686021055,1.183593772971605
healthcaretech,2024-04,cac,12736.860966908753,11947.13131600866
healthcaretech,2024-04,ltv,180097.03338458753,190140.1295598295
healthcaretech,2024-04,cac_payback_months,10.985695026330411,10.39280404575485
healthcaretech,2024-05,arr,71573323.69819319,77005259.05762796
healthcaretech,2024-05,mrr,5964443.6415161,6377534.214852539
healthcaretech,2024-05,customers,402.1768092760698,423.89287517032966
healthcaretech,2024-05,churn_rate,0.036400870462163906,0.03492378974854544
healthcaretech,2024-05,net_retention,1.2353619549929156,1.32665914179468
healthcaretech,2024-05,cac,12751.661492461484,12037.2002711205
healthcaretech,2024-05,ltv,201310.00750558364,209283.43033703614
healthcaretech,2024-05,cac_payback_months,9.951968129638601,9.162266172854574
healthcaretech,2024-06,arr,77912505.74991508,80474405.53890169
healthcaretech,2024-06,mrr,6492708.812492923,6648754.905957265
healthcaretech,2024-06,customers,425.3509382479401,449.0390904720269
healthcaretech,2024-06,churn_rate,0.023133635543004544,0.022308505044984165
healthcaretech,2024-06,net_retention,1.186528607169905,1.212568883924313
healthcaretech,2024-06,cac,13711.853585335099,13156.839687486445
healthcaretech,2024-06,ltv,158309.63668563782,166531.84542890606
healthcaretech,2024-06,cac_payback_months,11.883409362364342,11.006365035771417
healthcaretech,2024-07,arr,74347696.85351895,80160453.91156675
healthcaretech,2024-07,mrr,6195641.404459912,6479860.457670274
healthcaretech,2024-07,customers,418.360432839538,435.45092831396903
healthcaretech,2024-07,churn_rate,0.028890728405398653,0.026666748203507475
healthcaretech,2024-07,net_retention,1.2407473592976974,1.2694904077447693
healthcaretech,2024-07,cac,16549.921835872407,15913.092020730277
healthcaretech,2024-07,ltv,218849.7044559564,229239.75605069756
healthcaretech,2024-07,cac_payback_months,7.558025033702484,7.0561063982216385
healthcaretech,2024-08,arr,79200006.58052672,82451099.25821173
healthcaretech,2024-08,mrr,6600000.548377227,6875574.250711346
healthcaretech,2024-08,customers,408.634356010497,436.56160131019107
healthcaretech,2024-08,churn_rate,0.03732895263033268,0.035077672201962014
healthcaretech,2024-08,net_retention,1.1538813120474036,1.1914327205540716
healthcaretech,2024-08,cac,16588.417812894553,15345.635123797521
healthcaretech,2024-08,ltv,207448.73125367454,217406.59962748535
healthcaretech,2024-08,cac_payback_months,8.864102388734409,8.41139429501891
healthcaretech,2024-09,arr,82496985.99933873,85648136.03279693
healthcaretech,2024-09,mrr,6874748.833278228,7396908.643686657
healthcaretech,2024-09,customers,408.2489595624832,419.3201103890874
healthcaretech,2024-09,churn_rate,0.031429738210052,0.030676209148371242
healthcaretech,2024-09,net_retention,1.2212608608340536,1.2957968379505724
healthcaretech,2024-09,cac,16588.98888599179,15790.96444709382
healthcaretech,2024-09,ltv,176922.77531851377,180807.9187252814
healthcaretech,2024-09,cac_payback_months,8.754744139720085,8.304187986936094
healthcaretech,2024-10,arr,80524895.29582651,84153348.6681442
healthcaretech,2024-10,mrr,6710407.941318876,6891464.874318514
healthcaretech,2024-10,customers,406.919567052616,430.01947535895806
healthcaretech,2024-10,churn_rate,0.03969228810501971,0.03875193530893355
healthcaretech,2024-10,net_retention,1.2456726361052428,1.3200475935787694
healthcaretech,2024-10,cac,14497.5104885162,13404.516829344206
healthcaretech,2024-10,ltv,200032.7293510762,208290.074877603
healthcaretech,2024-10,cac_payback_months,6.4107027153961,6.109654851475452
healthcaretech,2024-11,arr,81998694.25442536,85384736.93790294
healthcaretech,2024-11,mrr,6833224.5212021135,7139287.046190391
healthcaretech,2024-11,customers,429.88141730749635,455.91046866720455
healthcaretech,2024-11,churn_rate,0.044440130141299675,0.042639842224729246
healthcaretech,2024-11,net_retention,1.1917746530154831,1.2206233323034639
healthcaretech,2024-11,cac,12987.663561061643,12256.660176668436
healthcaretech,2024-11,ltv,167873.5461634271,173061.96887013662
healthcaretech,2024-11,cac_payback_months,6.635245909278776,6.16685568822505
healthcaretech,2024-12,arr,87115165.2172383,91483610.68945195
healthcaretech,2024-12,mrr,7259597.101436526,7723406.818863722
healthcaretech,2024-12,customers,404.26603626742553,435.59143117731196
healthcaretech,2024-12,churn_rate,0.032575486277063644,0.030400315522066363
healthcaretech,2024-12,net_retention,1.1252305483649778,1.2075646874165264
healthcaretech,2024-12,cac,17034.64172542779,16626.80253823975
healthcaretech,2024-12,ltv,188992.83592925247,203164.50770473422
healthcaretech,2024-12,cac_payback_months,7.388283818261089,7.078898409441819
healthcaretech,2025-01,arr,87053146.24904826,93100579.55004144
healthcaretech,2025-01,mrr,7254428.854087356,7463256.115480143
healthcaretech,2025-01,customers,416.93884987235765,446.1144723279666
healthcaretech,2025-01,churn_rate,0.04257193646911364,0.040546269729136115
healthcaretech,2025-01,net_retention,1.1796941027526398,1.2630748283126887
healthcaretech,2025-01,cac,15419.504569826357,14584.9717221542
healthcaretech,2025-01,ltv,179992.0532694157,187685.3508489837
healthcaretech,2025-01,cac_payback_months,10.388978784258835,10.128253273703915
healthcaretech,2025-02,arr,85371958.62229116,87280548.20320259
healthcaretech,2025-02,mrr,7114329.88519093,7372721.751298645
healthcaretech,2025-02,customers,432.30707750953815,441.1186813964735
healthcaretech,2025-02,churn_rate,0.034520617175282126,0.033785372465195224
healthcaretech,2025-02,net_retention,1.177114316382689,1.2688642947114706
healthcaretech,2025-02,cac,12467.746251915873,11765.928310501706
healthcaretech,2025-02,ltv,190112.9540433311,202223.57720965223
healthcaretech,2025-02,cac_payback_months,7.951267177657268,7.480141604252158
healthcaretech,2025-03,arr,90719785.85231876,92674450.31824927
healthcaretech,2025-03,mrr,7559982.154359897,7984941.817854532
healthcaretech,2025-03,customers,431.70395770382845,457.4207174023986
healthcaretech,2025-03,churn_rate,0.04840268734076722,0.04652866759202162
healthcaretech,2025-03,net_retention,1.1600318413774509,1.1916116836871007
healthcaretech,2025-03,cac,16266.383863648382,15881.062298082956
healthcaretech,2025-03,ltv,168614.9915442483,173820.3043990326
healthcaretech,2025-03,cac_payback_months,11.94199382276189,11.432849354616586
healthcaretech,2025-04,arr,88347860.30301796,94129077.35555056
healthcaretech,2025-04,mrr,7362321.691918164,7906234.401640314
healthcaretech,2025-04,customers,415.73331698519127,426.14646364977324
healthcaretech,2025-04,churn_rate,0.03639375625184373,0.034340647419298084
healthcaretech,2025-04,net_retention,1.1625790127846864,1.1928231963509195
healthcaretech,2025-04,cac,11281.80480781205,10390.492010853548
healthcaretech,2025-04,ltv,161965.5481694594,171635.39688295263
healthcaretech,2025-04,cac_payback_months,8.508868728976797,8.135729023710994
healthcaretech,2025-05,arr,89453820.11003256,95903849.47245249
healthcaretech,2025-05,mrr,7454485.00916938,8017953.338956919
healthcaretech,2025-05,customers,413.93783782306366,432.6385736713491
healthcaretech,2025-05,churn_rate,0.02071123260933555,0.01911724122849417
healthcaretech,2025-05,net_retention,1.2252420808541606,1.2526427944081908
healthcaretech,2025-05,cac,17797.52476838841,16986.616004347925
healthcaretech,2025-05,ltv,159482.16757562835,166431.39674290974
healthcaretech,2025-05,cac_payback_months,7.388851282591789,6.8104456915598375
healthcaretech,2025-06,arr,95096060.43073386,102554256.61671366
healthcaretech,2025-06,mrr,7924671.702561155,8341920.881091261
healthcaretech,2025-06,customers,407.13249576077305,421.9986745583934
healthcaretech,2025-06,churn_rate,0.043621158744478195,0.041988258764942
healthcaretech,2025-06,net_retention,1.1459649234055058,1.18755144058756
healthcaretech,2025-06,cac,10322.064024073858,10056.318330982838
healthcaretech,2025-06,ltv,191184.65546882074,199306.8140278802
healthcaretech,2025-06,cac_payback_months,8.386106486598328,7.991893346934904
healthcaretech,2025-07,arr,91762905.28380993,98720727.11585839
healthcaretech,2025-07,mrr,7646908.773650828,7843599.925056601
healthcaretech,2025-07,customers,421.717673595195,441.53988801111365
healthcaretech,2025-07,churn_rate,0.04497090618982985,0.04228377117800289
healthcaretech,2025-07,net_retention,1.2208473208045012,1.3090429273066286
healthcaretech,2025-07,cac,11794.54847082821,10910.092912444868
healthcaretech,2025-07,ltv,165825.5349707394,171242.65001240745
healthcaretech,2025-07,cac_payback_months,10.90383187327942,10.523812617997619
healthcaretech,2025-08,arr,93492282.55331741,98570760.22069313
healthcaretech,2025-08,mrr,7791023.546109784,8323352.551574434
healthcaretech,2025-08,customers,424.62212401230494,452.481435408471
healthcaretech,2025-08,churn_rate,0.0332632110403916,0.03090930645769578
healthcaretech,2025-08,net_retention,1.1501601768483123,1.1834630281760208
healthcaretech,2025-08,cac,13156.57852255139,12315.747668365571
healthcaretech,2025-08,ltv,187095.84108511632,194891.09268397992
healthcaretech,2025-08,cac_payback_months,6.9682041503302985,6.581519930959645
healthcaretech,2025-09,arr,101513605.12565237,105126442.68788972
healthcaretech,2025-09,mrr,8459467.093804365,9078405.41246756
healthcaretech,2025-09,customers,410.6038417668697,440.8823425310767
healthcaretech,2025-09,churn_rate,0.021040181126781993,0.01973226523412466
healthcaretech,2025-09,net_retention,1.1587865844415863,1.1979531367262959
healthcaretech,2025-09,cac,15577.309537103843,14715.545331338497
healthcaretech,2025-09,ltv,163540.47400695377,169171.48245433316
healthcaretech,2025-09,cac_payback_months,9.84902688753751,9.458444329614057
healthcaretech,2025-10,arr,104905936.83963987,111229273.2640595
healthcaretech,2025-10,mrr,8742161.403303323,9058965.412787242
healthcaretech,2025-10,customers,432.0635903395627,442.8106442057465
healthcaretech,2025-10,churn_rate,0.04473051341748049,0.04381599394334278
healthcaretech,2025-10,net_retention,1.1595488243311212,1.193607197310524
healthcaretech,2025-10,cac,11250.535765670887,11017.708849064784
healthcaretech,2025-10,ltv,201656.56631783146,217514.1925761484
healthcaretech,2025-10,cac_payback_months,8.162847030849324,7.898608213532589
healthcaretech,2025-11,arr,105150199.53423932,109950220.68167068
healthcaretech,2025-11,mrr,8762516.627853276,9111414.453865062
healthcaretech,2025-11,customers,429.52424905915666,452.6558088817423
healthcaretech,2025-11,churn_rate,0.045983046361335045,0.04465112312975763
healthcaretech,2025-11,net_retention,1.1434159282429233,1.1801100922521046
healthcaretech,2025-11,cac,13741.449699879016,13412.561599884826
healthcaretech,2025-11,ltv,193357.29785565514,205218.8514156353
healthcaretech,2025-11,cac_payback_months,8.467142855216947,8.208017740837704
healthcaretech,2025-12,arr,106035281.64260286,110026878.84588534
healthcaretech,2025-12,mrr,8836273.470216906,9124504.876373393
healthcaretech,2025-12,customers,437.0329656215616,465.84296617509125
healthcaretech,2025-12,churn_rate,0.020486011920184018,0.019158141004742068
healthcaretech,2025-12,net_retention,1.2227570637169303,1.3107145560779572
healthcaretech,2025-12,cac,10321.110872682932,9559.108990633782
healthcaretech,2025-12,ltv,212293.93634540038,218144.1865388603
healthcaretech,2025-12,cac_payback_months,11.95177648343186,11.697790396555348
ecommerce_logistics,2023-01,revenue,142433744.57578006,150436955.27632225
ecommerce_logistics,2023-01,gross_margin,0.3985642114200534,0.42285747633870896
ecommerce_logistics,2023-01,ebitda_margin,0.1454061128292125,0.15333387953651667
ecommerce_logistics,2023-01,inventory_turns,5.029451248561813,5.259517169673059
ecommerce_logistics,2023-01,on_time_delivery,0.9475393461846878,0.9821769896742333
ecommerce_logistics,2023-02,revenue,145444276.7132545,154872657.740166
ecommerce_logistics,2023-02,gross_margin,0.3116781402004461,0.3220018032922789
ecommerce_logistics,2023-02,ebitda_margin,0.19692960286161798,0.20157647154482028
ecommerce_logistics,2023-02,inventory_turns,3.69999846794798,3.803074596212131
ecommerce_logistics,2023-02,on_time_delivery,0.9500264135963563,1.0035697293962893
ecommerce_logistics,2023-03,revenue,148306935.9297902,159538453.4731892
ecommerce_logistics,2023-03,gross_margin,0.28629955497295945,0.29772814371659323
ecommerce_logistics,2023-03,ebitda_margin,0.20278117626583048,0.21249849404059815
ecommerce_logistics,2023-03,inventory_turns,4.023955937850157,4.1077385026543825
ecommerce_logistics,2023-03,on_time_delivery,0.9382822695935618,0.9616416729175572
ecommerce_logistics,2023-04,revenue,141478236.70286694,145790327.99126813
ecommerce_logistics,2023-04,gross_margin,0.2838993137149504,0.29461819399304906
ecommerce_logistics,2023-04,ebitda_margin,0.18839254564675512,0.19966397152049775
ecommerce_logistics,2023-04,inventory_turns,4.279195070404867,4.612622091197421
ecommerce_logistics,2023-04,on_time_delivery,0.9438516162182418,0.9655838057375439
ecommerce_logistics,2023-05,revenue,152402559.4895796,156272458.41397855
ecommerce_logistics,2023-05,gross_margin,0.3607633681835692,0.38098585789585154
ecommerce_logistics,2023-05,ebitda_margin,0.1789487393457873,0.18618856052435512
ecommerce_logistics,2023-05,inventory_turns,4.500835605623281,4.83856068417299
ecommerce_logistics,2023-05,on_time_delivery,0.9055515268723346,0.945753878324844
ecommerce_logistics,2023-06,revenue,143101321.77629307,153693087.2674655
ecommerce_logistics,2023-06,gross_margin,0.38006063669028506,0.40572669081669654
ecommerce_logistics,2023-06,ebitda_margin,0.14106947900174138,0.14961570278948821
ecommerce_logistics,2023-06,inventory_turns,4.57641092206768,4.854555983643799
ecommerce_logistics,2023-06,on_time_delivery,0.9558266228404136,1.0291915527752247
ecommerce_logistics,2023-07,revenue,147067914.45262882,155601191.34219873
ecommerce_logistics,2023-07,gross_margin,0.28015569318746625,0.2957345021543137
ecommerce_logistics,2023-07,ebitda_margin,0.13807363831574782,0.14096967856022505
ecommerce_logistics,2023-07,inventory_turns,3.653674138880232,3.8865106734896235
ecommerce_logistics,2023-07,on_time_delivery,0.9529467668091198,0.9905041377778504
ecommerce_logistics,2023-08,revenue,154399142.59245807,165190268.50525346
ecommerce_logistics,2023-08,gross_margin,0.3579209799903015,0.3848022244870584
ecommerce_logistics,2023-08,ebitda_margin,0.147982329559907,0.15671140508392692
ecommerce_logistics,2023-08,inventory_turns,3.4037288013123232,3.492927077885902
ecommerce_logistics,2023-08,on_time_delivery,0.9075535118128385,0.9475962548009712
ecommerce_logistics,2023-09,revenue,157189618.45438188,163696603.8342033
ecommerce_logistics,2023-09,gross_margin,0.3891749237614095,0.402900687406512
ecommerce_logistics,2023-09,ebitda_margin,0.11655060712075241,0.11897181173922491
ecommerce_logistics,2023-09,inventory_turns,3.000092156536147,3.157350880411249
ecommerce_logistics,2023-09,on_time_delivery,0.9569709636704484,1.0249819753144223
ecommerce_logistics,2023-10,revenue,162586602.67494792,169545105.18063924
ecommerce_logistics,2023-10,gross_margin,0.3592042930858605,0.37947351491021397
ecommerce_logistics,2023-10,ebitda_margin,0.17202458588358518,0.179477306942187
ecommerce_logistics,2023-10,inventory_turns,3.255169156467723,3.3672053972959897
ecommerce_logistics,2023-10,on_time_delivery,0.943909824123408,0.968166339980195
ecommerce_logistics,2023-11,revenue,154381858.4125573,162396176.68582132
ecommerce_logistics,2023-11,gross_margin,0.2935302768002853,0.3147868916497766
ecommerce_logistics,2023-11,ebitda_margin,0.12476557311535776,0.13471364804439775
ecommerce_logistics,2023-11,inventory_turns,5.962008475738638,6.289697554409113
ecommerce_logistics,2023-11,on_time_delivery,0.9355282845525295,0.9998443846462977
ecommerce_logistics,2023-12,revenue,156381751.26793543,162467247.98484582
ecommerce_logistics,2023-12,gross_margin,0.32280415404262075,0.3318402801357335
ecommerce_logistics,2023-12,ebitda_margin,0.15637852093923843,0.16543968283203847
ecommerce_logistics,2023-12,inventory_turns,5.0175217880209475,5.156504892351289
ecommerce_logistics,2023-12,on_time_delivery,0.9545753351404079,1.0067997226383698
ecommerce_logistics,2024-01,revenue,164114096.26170656,174587029.33407006
ecommerce_logistics,2024-01,gross_margin,0.37808560949522324,0.3996933397471447
ecommerce_logistics,2024-01,ebitda_margin,0.20548609549234353,0.21189693215170755
ecommerce_logistics,2024-01,inventory_turns,5.6185782646969935,5.739610186808396
ecommerce_logistics,2024-01,on_time_delivery,0.9399967193571831,0.9748447318877865
ecommerce_logistics,2024-02,revenue,161958199.8742325,174559972.5461889
ecommerce_logistics,2024-02,gross_margin,0.3663948322200119,0.3760979469567124
ecommerce_logistics,2024-02,ebitda_margin,0.21899430627044875,0.22966140159314144
ecommerce_logistics,2024-02,inventory_turns,3.588737150118497,3.7865979515578134
ecommerce_logistics,2024-02,on_time_delivery,0.9100439831918782,0.9578053349197639
ecommerce_logistics,2024-03,revenue,157972344.7324292,163347266.48573738
ecommerce_logistics,2024-03,gross_margin,0.28798376796050673,0.30476355934830524
ecommerce_logistics,2024-03,ebitda_margin,0.114767679844545,0.12271006811304623
ecommerce_logistics,2024-03,inventory_turns,4.756763051617837,4.863765188245573
ecommerce_logistics,2024-03,on_time_delivery,0.9435475910107457,0.9906191013256651
ecommerce_logistics,2024-04,revenue,169881125.30263603,181534200.12455726
ecommerce_logistics,2024-04,gross_margin,0.31532366978975623,0.3326626288246585
ecommerce_logistics,2024-04,ebitda_margin,0.14308792674104087,0.1522188399751717
ecommerce_logistics,2024-04,inventory_turns,4.840913708968151,5.0436964289896284
ecommerce_logistics,2024-04,on_time_delivery,0.971834823475499,1.0286462771962332
ecommerce_logistics,2024-05,revenue,168107575.84237838,180661908.68008244
ecommerce_logistics,2024-05,gross_margin,0.30659105910405854,0.3131079730874941
ecommerce_logistics,2024-05,ebitda_margin,0.198243358342816,0.20596422130836398
ecommerce_logistics,2024-05,inventory_turns,4.669393912046466,4.778717889436893
ecommerce_logistics,2024-05,on_time_delivery,0.9286897265562873,0.9899754837094005
ecommerce_logistics,2024-06,revenue,174103112.93054894,182329662.56063947
ecommerce_logistics,2024-06,gross_margin,0.3263893106230844,0.3409909186045971
ecommerce_logistics,2024-06,ebitda_margin,0.19459280630899023,0.20939816547892007
ecommerce_logistics,2024-06,inventory_turns,4.187811678587849,4.334605977625759
ecommerce_logistics,2024-06,on_time_delivery,0.9605003033137948,0.9866516917760731
ecommerce_logistics,2024-07,revenue,174112929.7015223,182880542.8492917
ecommerce_logistics,2024-07,gross_margin,0.41570505371978506,0.4280578875244116
ecommerce_logistics,2024-07,ebitda_margin,0.15289748992180613,0.1619927703554109
ecommerce_logistics,2024-07,inventory_turns,3.1861102908863446,3.4405688724671295
ecommerce_logistics,2024-07,on_time_delivery,0.9271444213847654,0.9708169739169892
ecommerce_logistics,2024-08,revenue,172138342.12807295,179580995.47851226
ecommerce_logistics,2024-08,gross_margin,0.33609858335682535,0.3561238129951345
ecommerce_logistics,2024-08,ebitda_margin,0.11612046497532816,0.12152262185722415
ecommerce_logistics,2024-08,inventory_turns,5.649820804278671,5.982561396650262
ecommerce_logistics,2024-08,on_time_delivery,0.9331860524417082,0.9552902227460026
ecommerce_logistics,2024-09,revenue,182266385.23876882,191132728.3302073
ecommerce_logistics,2024-09,gross_margin,0.4116705534031163,0.4347687311434813
ecommerce_logistics,2024-09,ebitda_margin,0.19082715406231404,0.20130436607402855
ecommerce_logistics,2024-09,inventory_turns,5.863697786576433,6.12221477503433
ecommerce_logistics,2024-09,on_time_delivery,0.9121145851495971,0.9488591801002683
ecommerce_logistics,2024-10,revenue,172120377.26285943,176167601.75452194
ecommerce_logistics,2024-10,gross_margin,0.33484394307871895,0.3526382092768865
ecommerce_logistics,2024-10,ebitda_margin,0.12277251411476792,0.1296126354427726
ecommerce_logistics,2024-10,inventory_turns,5.203097029476655,5.579357865612818
ecommerce_logistics,2024-10,on_time_delivery,0.9167064748395672,0.9667759711343583
ecommerce_logistics,2024-11,revenue,178091971.49276486,191356459.69698834
ecommerce_logistics,2024-11,gross_margin,0.3924216634136849,0.40960139626575004
ecommerce_logistics,2024-11,ebitda_margin,0.17563904504623895,0.18227460879925825
ecommerce_logistics,2024-11,inventory_turns,3.2378408538935752,3.3304695471245793
ecommerce_logistics,2024-11,on_time_delivery,0.9452680448250598,0.9727628024666016
ecommerce_logistics,2024-12,revenue,181775775.9196482,191809332.51318341
ecommerce_logistics,2024-12,gross_margin,0.3633951753826141,0.38872611585744327
ecommerce_logistics,2024-12,ebitda_margin,0.11128615672374426,0.11404730041736484
ecommerce_logistics,2024-12,inventory_turns,5.818705767075497,6.1015549900869
ecommerce_logistics,2024-12,on_time_delivery,0.9604106893956157,1.015927793644687
ecommerce_logistics,2025-01,revenue,191235008.5567801,205101079.83063623
ecommerce_logistics,2025-01,gross_margin,0.38968573840689746,0.4201811472620046
ecommerce_logistics,2025-01,ebitda_margin,0.13878969495987595,0.1430407138660216
ecommerce_logistics,2025-01,inventory_turns,5.822640508677613,6.191353185773627
ecommerce_logistics,2025-01,on_time_delivery,0.9099476673144696,0.9303460834910746
ecommerce_logistics,2025-02,revenue,185547406.52640492,194616347.1969573
ecommerce_logistics,2025-02,gross_margin,0.35227966188767434,0.3764391780063061
ecommerce_logistics,2025-02,ebitda_margin,0.18129033162734876,0.19525548287990596
ecommerce_logistics,2025-02,inventory_turns,5.8078117447456785,5.931657341889291
ecommerce_logistics,2025-02,on_time_delivery,0.9537800549835356,1.0290822076676978
ecommerce_logistics,2025-03,revenue,181670091.23618776,192322752.093335
ecommerce_logistics,2025-03,gross_margin,0.39401414909762655,0.4109004571034249
ecommerce_logistics,2025-03,ebitda_margin,0.13924686535719774,0.14248768638795978
ecommerce_logistics,2025-03,inventory_turns,3.3965389732616154,3.586635340155247
ecommerce_logistics,2025-03,on_time_delivery,0.9351884511771068,1.0045272475280342
ecommerce_logistics,2025-04,revenue,189494424.2623469,202679531.32052302
ecommerce_logistics,2025-04,gross_margin,0.3102865888683158,0.32743924012871617
ecommerce_logistics,2025-04,ebitda_margin,0.16196082843059414,0.1686313751840279
ecommerce_logistics,2025-04,inventory_turns,3.1450881331463427,3.3589132459256468
ecommerce_logistics,2025-04,on_time_delivery,0.965639006758422,1.0170894325542956
ecommerce_logistics,2025-05,revenue,200302146.58996704,215820906.24537703
ecommerce_logistics,2025-05,gross_margin,0.3684042309616229,0.38773323293188694
ecommerce_logistics,2025-05,ebitda_margin,0.20981676624979162,0.22163057713909662
ecommerce_logistics,2025-05,inventory_turns,4.79568897965328,4.95504616779581
ecommerce_logistics,2025-05,on_time_delivery,0.9331312854572533,0.9868227706895355
ecommerce_logistics,2025-06,revenue,197657492.79336432,207817894.81129485
ecommerce_logistics,2025-06,gross_margin,0.3058773757125835,0.3161568001578087
ecommerce_logistics,2025-06,ebitda_margin,0.10834219362944013,0.11484178468545818
ecommerce_logistics,2025-06,inventory_turns,4.813077959144313,4.932472824755955
ecommerce_logistics,2025-06,on_time_delivery,0.9610953815480257,1.005795949164831
ecommerce_logistics,2025-07,revenue,191867359.7719813,200284121.6021616
ecommerce_logistics,2025-07,gross_margin,0.3058242671483837,0.3213303057918448
ecommerce_logistics,2025-07,ebitda_margin,0.12832115288214851,0.13460858872948545
ecommerce_logistics,2025-07,inventory_turns,4.160121171131934,4.3388692889581355
ecommerce_logistics,2025-07,on_time_delivery,0.9040920164496318,0.9676938017178779
ecommerce_logistics,2025-08,revenue,193752686.0372481,204207795.16810834
ecommerce_logistics,2025-08,gross_margin,0.35079754412939235,0.3762942150101285
ecommerce_logistics,2025-08,ebitda_margin,0.1086857983739176,0.11449749109125039
ecommerce_logistics,2025-08,inventory_turns,3.2134670366337295,3.4627917857340864
ecommerce_logistics,2025-08,on_time_delivery,0.9459092679741677,0.9675911078378965
ecommerce_logistics,2025-09,revenue,195060815.97130427,199495544.97706926
ecommerce_logistics,2025-09,gross_margin,0.2861692206198534,0.3081350701688215
ecommerce_logistics,2025-09,ebitda_margin,0.1259387590466956,0.13482120997447605
ecommerce_logistics,2025-09,inventory_turns,4.623810332825034,4.798575331072105
ecommerce_logistics,2025-09,on_time_delivery,0.9516457745141942,0.9750860012235903
ecommerce_logistics,2025-10,revenue,198823859.07521597,207072739.488426
ecommerce_logistics,2025-10,gross_margin,0.2977722179256962,0.3214064941504794
ecommerce_logistics,2025-10,ebitda_margin,0.11725972910185256,0.12441947389086103
ecommerce_logistics,2025-10,inventory_turns,4.555685065997202,4.906194190484311
ecommerce_logistics,2025-10,on_time_delivery,0.9196677953994721,0.9459274316686845
ecommerce_logistics,2025-11,revenue,205568340.13037536,217595973.29691193
ecommerce_logistics,2025-11,gross_margin,0.3576624524595296,0.37363112550236377
ecommerce_logistics,2025-11,ebitda_margin,0.11074612866442332,0.11621462238835276
ecommerce_logistics,2025-11,inventory_turns,3.0125623308838736,3.147906453554337
ecommerce_logistics,2025-11,on_time_delivery,0.9536347467037534,0.9740809643294445
ecommerce_logistics,2025-12,revenue,206992293.56037405,220181713.5610604
ecommerce_logistics,2025-12,gross_margin,0.3047915157556206,0.3166545576701998
ecommerce_logistics,2025-12,ebitda_margin,0.11377938647419163,0.11873889655495058
ecommerce_logistics,2025-12,inventory_turns,5.870161301668049,6.071011451325962
ecommerce_logistics,2025-12,on_time_delivery,0.9479487780033733,0.9724228629214379
fintech_payments,2023-01,arr,27101288.58483643,28099592.97353519
fintech_payments,2023-01,mrr,2258440.7154030357,2351028.363492987
fintech_payments,2023-01,customers,413.5204494494875,441.203802850104
fintech_payments,2023-01,churn_rate,0.04032637415551328,0.03950173517872035
fintech_payments,2023-01,net_retention,1.1820393313978217,1.2227490388868212
fintech_payments,2023-01,cac,13800.718982934144,13420.625653688061
fintech_payments,2023-01,ltv,214570.39985592873,229555.43132316438
fintech_payments,2023-01,cac_payback_months,6.43640968667201,6.008256134760089
fintech_payments,2023-02,arr,29176168.413853303,30494950.48995048
fintech_payments,2023-02,mrr,2431347.3678211085,2564345.924439953
fintech_payments,2023-02,customers,401.77804770372285,429.88511662472376
fintech_payments,2023-02,churn_rate,0.04934662005579675,0.0477798616071659
fintech_payments,2023-02,net_retention,1.1271337852068348,1.208270951458215
fintech_payments,2023-02,cac,16393.263768838257,15140.442019705255
fintech_payments,2023-02,ltv,173393.48999211768,184061.18343051226
fintech_payments,2023-02,cac_payback_months,10.385222074656962,9.641632308378655
fintech_payments,2023-03,arr,30762046.515668,32108195.454873588
fintech_payments,2023-03,mrr,2563503.8763056668,2635232.2219369146
fintech_payments,2023-03,customers,406.9066787126892,418.9202752373975
fintech_payments,2023-03,churn_rate,0.032082184542404926,0.03134289507755536
fintech_payments,2023-03,net_retention,1.177941751370451,1.2636677460505437
fintech_payments,2023-03,cac,17972.210470388953,17512.526573841016
fintech_payments,2023-03,ltv,159465.21195989984,172141.41525484796
fintech_payments,2023-03,cac_payback_months,10.052736272018553,9.374165750886569
fintech_payments,2023-04,arr,32183031.66449365,33138464.452953726
fintech_payments,2023-04,mrr,2681919.305374471,2811467.7821232555
fintech_payments,2023-04,customers,411.4620840023836,433.3552847109796
fintech_payments,2023-04,churn_rate,0.03451407619581942,0.03293392571156522
fintech_payments,2023-04,net_retention,1.1627584300067502,1.2006718331927189
fintech_payments,2023-04,cac,12862.489994684744,12406.33829648111
fintech_payments,2023-04,ltv,191564.64423604164,195685.5724588306
fintech_payments,2023-04,cac_payback_months,9.453560571840491,8.898541192445002
fintech_payments,2023-05,arr,35335998.87108438,37336245.21916479
fintech_payments,2023-05,mrr,2944666.5725903646,3089811.13296053
fintech_payments,2023-05,customers,408.75153729693136,420.1928719592944
fintech_payments,2023-05,churn_rate,0.02783487297532581,0.026044533418725636
fintech_payments,2023-05,net_retention,1.2042429679014572,1.2586096828461828
fintech_payments,2023-05,cac,14539.127553248587,13898.794675570109
fintech_payments,2023-05,ltv,205737.0526619471,216193.1181188633
fintech_payments,2023-05,cac_payback_months,10.410151117138941,9.757341695659411
fintech_payments,2023-06,arr,34395260.981247276,35443097.33646311
fintech_payments,2023-06,mrr,2866271.748437273,3004709.7200362138
fintech_payments,2023-06,customers,407.2453188933329,417.6240959638856
fintech_payments,2023-06,churn_rate,0.028568779656867292,0.027355775405518826
fintech_payments,2023-06,net_retention,1.2101912451065804,1.2743699872093939
fintech_payments,2023-06,cac,10191.570122163868,9625.346170712786
fintech_payments,2023-06,ltv,190937.94679140535,200729.74520629834
fintech_payments,2023-06,cac_payback_months,11.648845425036392,11.343581367544097
fintech_payments,2023-07,arr,36927481.079132974,38618036.00044591
fintech_payments,2023-07,mrr,3077290.089927748,3277288.0838495404
fintech_payments,2023-07,customers,392.6092850183168,421.96958416914526
fintech_payments,2023-07,churn_rate,0.04584994654097303,0.04375585925578677
fintech_payments,2023-07,net_retention,1.186567562358186,1.2231697413301512
fintech_payments,2023-07,cac,17125.26764369474,16031.440098161898
fintech_payments,2023-07,ltv,191786.16563892207,197907.7258553877
fintech_payments,2023-07,cac_payback_months,10.860966539758214,10.152955571586844
fintech_payments,2023-08,arr,39311398.5331737,40502917.88758878
fintech_payments,2023-08,mrr,3275949.877764475,3443300.630302432
fintech_payments,2023-08,customers,410.4981977898233,423.978827542156
fintech_payments,2023-08,churn_rate,0.037639748883914984,0.0352683342018132
fintech_payments,2023-08,net_retention,1.1639749620862792,1.2152117084264313
fintech_payments,2023-08,cac,14923.366238566683,14456.443469798898
fintech_payments,2023-08,ltv,155710.24479279562,158953.9582832321
fintech_payments,2023-08,cac_payback_months,6.52672942234896,6.25889025969836
fintech_payments,2023-09,arr,42908713.26018744,45220438.99551411
fintech_payments,2023-09,mrr,3575726.10501562,3789488.8479572344
fintech_payments,2023-09,customers,419.07107810436463,444.52713010949134
fintech_payments,2023-09,churn_rate,0.0479825881718094,0.046826420081386946
fintech_payments,2023-09,net_retention,1.1030206773423936,1.1910604401894131
fintech_payments,2023-09,cac,11230.269644105729,10817.101820925409
fintech_payments,2023-09,ltv,212031.9905839195,219926.6354791392
fintech_payments,2023-09,cac_payback_months,8.751111373122093,8.512951138467296
fintech_payments,2023-10,arr,42413564.05492768,44534390.51647004
fintech_payments,2023-10,mrr,3534463.671243973,3748276.0751587157
fintech_payments,2023-10,customers,401.32550610136354,415.1086224782349
fintech_payments,2023-10,churn_rate,0.04692157152391145,0.045301952671948156
fintech_payments,2023-10,net_retention,1.1384287271659033,1.2131100304206353
fintech_payments,2023-10,cac,11765.208476973989,11044.658654768258
fintech_payments,2023-10,ltv,159668.7705198173,166796.53739540925
fintech_payments,2023-10,cac_payback_months,11.1546705458815,10.402638459895483
fintech_payments,2023-11,arr,48980124.57150737,52797554.100917764
fintech_payments,2023-11,mrr,4081677.0476256143,4259692.53551947
fintech_payments,2023-11,customers,415.470270506967,427.03822562461335
fintech_payments,2023-11,churn_rate,0.04803631642146547,0.04612939626609319
fintech_payments,2023-11,net_retention,1.14550783154437,1.2185437934593797
fintech_payments,2023-11,cac,16255.127303975118,15515.578089401306
fintech_payments,2023-11,ltv,203610.10507193193,210208.91995046937
fintech_payments,2023-11,cac_payback_months,10.149933911199248,9.645150866446654
fintech_payments,2023-12,arr,48287129.23842336,49828352.84775491
fintech_payments,2023-12,mrr,4023927.43653528,4293543.584944327
fintech_payments,2023-12,customers,409.0430425978585,439.53931276718424
fintech_payments,2023-12,churn_rate,0.03935655727533992,0.03708229654657689
fintech_payments,2023-12,net_retention,1.2117822114036252,1.2906410418132124
fintech_payments,2023-12,cac,11857.797527210745,11547.357036482586
fintech_payments,2023-12,ltv,178372.77524528673,190995.76216826277
fintech_payments,2023-12,cac_payback_months,7.614969425949775,7.089298973736622
fintech_payments,2024-01,arr,54163591.94623922,56276868.83531045
fintech_payments,2024-01,mrr,4513632.662186601,4822950.010135236
fintech_payments,2024-01,customers,408.05471901561765,437.6506499102496
fintech_payments,2024-01,churn_rate,0.03017721983521509,0.028310697801684846
fintech_payments,2024-01,net_retention,1.1093646990916672,1.1887085560466046
fintech_payments,2024-01,cac,13889.389232839065,13492.62294330557
fintech_payments,2024-01,ltv,157630.95309486502,168015.53164240604
fintech_payments,2024-01,cac_payback_months,7.491238925564556,6.957875500417431
fintech_payments,2024-02,arr,55562530.1355871,57073674.0746856
fintech_payments,2024-02,mrr,4630210.844632259,4809510.400950959
fintech_payments,2024-02,customers,427.3026534180207,456.42066366324036
fintech_payments,2024-02,churn_rate,0.04047621436301471,0.03933013370336942
fintech_payments,2024-02,net_retention,1.1497425273661752,1.1822089591108103
fintech_payments,2024-02,cac,14004.63453944665,13684.533480744194
fintech_payments,2024-02,ltv,195200.75303457375,202955.95345239612
fintech_payments,2024-02,cac_payback_months,9.063422452371022,8.698518408788887
fintech_payments,2024-03,arr,58838226.185481705,62634389.91761539
fintech_payments,2024-03,mrr,4903185.515456809,5200629.392550751
fintech_payments,2024-03,customers,423.64186603027525,438.52816848947475
fintech_payments,2024-03,churn_rate,0.048372491066777906,0.04703656809122995
fintech_payments,2024-03,net_retention,1.1469379322043234,1.1814969014572043
fintech_payments,2024-03,cac,16868.051636412434,15572.890371472336
fintech_payments,2024-03,ltv,159218.0832405345,169256.4489411902
fintech_payments,2024-03,cac_payback_months,10.230245438121557,9.703679799073669
fintech_payments,2024-04,arr,62520895.828888185,65688630.69838952
fintech_payments,2024-04,mrr,5210074.652407349,5503187.0905089555
fintech_payments,2024-04,customers,410.2754262267108,429.8266504805384
fintech_payments,2024-04,churn_rate,0.025048357655231387,0.024289956983939483
fintech_payments,2024-04,net_retention,1.2254663288704806,1.3109717259932463
fintech_payments,2024-04,cac,14391.277053120573,13852.51555326662
fintech_payments,2024-04,ltv,163243.70546732485,167540.94626112486
fintech_payments,2024-04,cac_payback_months,10.322303991518675,10.016053946219174
fintech_payments,2024-05,arr,64677200.13659617,69410460.14338677
fintech_payments,2024-05,mrr,5389766.678049681,5512824.764218017
fintech_payments,2024-05,customers,421.2462339337946,453.9707464284049
fintech_payments,2024-05,churn_rate,0.030889485212116152,0.029677065321790656
fintech_payments,2024-05,net_retention,1.231891933423551,1.3031969905209992
fintech_payments,2024-05,cac,15802.97280187886,14795.273412023129
fintech_payments,2024-05,ltv,157881.33265704362,163395.73405980074
fintech_payments,2024-05,cac_payback_months,8.446668206436975,8.248369942592033
fintech_payments,2024-06,arr,65584441.518712655,68348705.81600611
fintech_payments,2024-06,mrr,5465370.126559388,5691808.827789073
fintech_payments,2024-06,customers,424.5126276306999,441.7671543936519
fintech_payments,2024-06,churn_rate,0.03179365394621238,0.030243161068141636
fintech_payments,2024-06,net_retention,1.1208881106177058,1.1729420345458816
fintech_payments,2024-06,cac,10085.722381562871,9811.339069716552
fintech_payments,2024-06,ltv,188098.01359106757,197565.22126801926
fintech_payments,2024-06,cac_payback_months,11.854672911293596,11.26745726378237
fintech_payments,2024-07,arr,67907741.98487338,70986104.10175404
fintech_payments,2024-07,mrr,5658978.498739448,6038717.6596745085
fintech_payments,2024-07,customers,432.0310952684064,445.7449539493819
fintech_payments,2024-07,churn_rate,0.02749918672606489,0.026652629738800098
fintech_payments,2024-07,net_retention,1.1110046101189406,1.1764703643816428
fintech_payments,2024-07,cac,15305.169991801671,14465.500609004877
fintech_payments,2024-07,ltv,191675.64591098108,200776.73468496627
fintech_payments,2024-07,cac_payback_months,8.490873923956475,7.942353554789117
fintech_payments,2024-08,arr,76031467.93856472,79126025.50551538
fintech_payments,2024-08,mrr,6335955.66154706,6483481.815036791
fintech_payments,2024-08,customers,417.21837149263797,430.6755524630464
fintech_payments,2024-08,churn_rate,0.02962563628249531,0.027999831981664076
fintech_payments,2024-08,net_retention,1.1894075173641425,1.2288697938201925
fintech_payments,2024-08,cac,17965.875616410583,16528.8503035211
fintech_payments,2024-08,ltv,180468.35957595878,193985.45635908452
fintech_payments,2024-08,cac_payback_months,11.524148404671717,11.185716026538312
fintech_payments,2024-09,arr,79954223.20458077,82124855.66156332
fintech_payments,2024-09,mrr,6662851.933715064,7000948.822175563
fintech_payments,2024-09,customers,406.48240262936207,423.1196925934034
fintech_payments,2024-09,churn_rate,0.02361090728629958,0.02225303209564094
fintech_payments,2024-09,net_retention,1.1101407124208575,1.1737293919742213
fintech_payments,2024-09,cac,15792.23351018337,15209.864685726807
fintech_payments,2024-09,ltv,215016.55724815198,220743.78469605278
fintech_payments,2024-09,cac_payback_months,8.583214925478222,7.914886447455526
fintech_payments,2024-10,arr,86230972.74702428,89721142.65279265
fintech_payments,2024-10,mrr,7185914.395585357,7521144.519763108
fintech_payments,2024-10,customers,409.287962916083,434.06429423399265
fintech_payments,2024-10,churn_rate,0.02161491574725377,0.020545704634403722
fintech_payments,2024-10,net_retention,1.128481299364388,1.2093784461772674
fintech_payments,2024-10,cac,10311.662770787714,10022.545818837298
fintech_payments,2024-10,ltv,177426.76262320203,181080.8032326465
fintech_payments,2024-10,cac_payback_months,10.814410706707946,10.4541045886001
fintech_payments,2024-11,arr,86151767.477233,93003257.16187173
fintech_payments,2024-11,mrr,7179313.956436083,7692289.123183075
fintech_payments,2024-11,customers,435.02980355684684,446.2718496687199
fintech_payments,2024-11,churn_rate,0.03449696227626306,0.033199266581779796
fintech_payments,2024-11,net_retention,1.2480343918082446,1.2988727921408272
fintech_payments,2024-11,cac,16036.554889645893,14760.348784028109
fintech_payments,2024-11,ltv,167402.34192293143,174803.00830957727
fintech_payments,2024-11,cac_payback_months,9.230369875721745,8.621952494212966
fintech_payments,2024-12,arr,93944051.91489318,96207276.59401992
fintech_payments,2024-12,mrr,7828670.992907765,8073140.473635824
fintech_payments,2024-12,customers,414.0817050299153,436.1659139181261
fintech_payments,2024-12,churn_rate,0.044825710818614514,0.04202328198481491
fintech_payments,2024-12,net_retention,1.1000896908252193,1.1496417864643955
fintech_payments,2024-12,cac,12462.553200208953,11747.352356935653
fintech_payments,2024-12,ltv,166881.56500154332,178989.53938216672
fintech_payments,2024-12,cac_payback_months,7.401404166411666,7.211320860086217
fintech_payments,2025-01,arr,95762506.65937811,99518702.61042622
fintech_payments,2025-01,mrr,7980208.888281509,8218475.665661751
fintech_payments,2025-01,customers,414.50759002650335,442.2753232670669
fintech_payments,2025-01,churn_rate,0.02320402112007091,0.021518246009038577
fintech_payments,2025-01,net_retention,1.2430104319073143,1.3152223765823488
fintech_payments,2025-01,cac,10481.81555920238,9721.158187046414
fintech_payments,2025-01,ltv,170835.51942977964,174975.22935556545
fintech_payments,2025-01,cac_payback_months,7.788397207020025,7.590305322847744
fintech_payments,2025-02,arr,97745179.16830267,100690104.6073176
fintech_payments,2025-02,mrr,8145431.5973585555,8725684.229377987
fintech_payments,2025-02,customers,431.5416718186568,440.51503229726956
fintech_payments,2025-02,churn_rate,0.03633892613321407,0.034547665175019004
fintech_payments,2025-02,net_retention,1.1116784779413156,1.1852344128334176
fintech_payments,2025-02,cac,17643.58553150454,17221.687369025236
fintech_payments,2025-02,ltv,167287.28168943248,179758.90455555366
fintech_payments,2025-02,cac_payback_months,11.157872072115639,10.813958472838612
fintech_payments,2025-03,arr,110298612.74813388,113562655.96944566
fintech_payments,2025-03,mrr,9191551.06234449,9756599.82400323
fintech_payments,2025-03,customers,411.4646145778139,423.83076896003416
fintech_payments,2025-03,churn_rate,0.028525528871351864,0.026774589375561632
fintech_payments,2025-03,net_retention,1.1433452787381588,1.2007420210321853
fintech_payments,2025-03,cac,13016.43144801359,12597.125770461771
fintech_payments,2025-03,ltv,177532.44692696322,188959.8828097471
fintech_payments,2025-03,cac_payback_months,9.267331947928053,8.884888261972712
fintech_payments,2025-04,arr,107914916.55258656,116260944.83445352
fintech_payments,2025-04,mrr,8992909.712715546,9687323.82344869
fintech_payments,2025-04,customers,423.753196357385,441.1862432086944
fintech_payments,2025-04,churn_rate,0.022623395053996565,0.020872027697173334
fintech_payments,2025-04,net_retention,1.1566044765194976,1.1921650865628253
fintech_payments,2025-04,cac,13308.132242319673,12556.662838702361
fintech_payments,2025-04,ltv,152786.80076120276,164531.03044917507
fintech_payments,2025-04,cac_payback_months,7.643928596819831,7.097173242651208
fintech_payments,2025-05,arr,120741033.24355972,124546907.13668461
fintech_payments,2025-05,mrr,10061752.770296643,10351141.469428541
fintech_payments,2025-05,customers,409.7468071854563,441.0038704965583
fintech_payments,2025-05,churn_rate,0.0494377273217383,0.04820469289015372
fintech_payments,2025-05,net_retention,1.1572424748663703,1.2420083295280373
fintech_payments,2025-05,cac,16201.876311192449,15513.717930325942
fintech_payments,2025-05,ltv,173981.37579677923,185898.42023672743
fintech_payments,2025-05,cac_payback_months,9.766013262952853,9.025185140407233
fintech_payments,2025-06,arr,121783398.76667252,127011244.61624198
fintech_payments,2025-06,mrr,10148616.563889377,10432129.563543133
fintech_payments,2025-06,customers,417.27702749185335,430.54697602073594
fintech_payments,2025-06,churn_rate,0.0390693596585784,0.03650051012564636
fintech_payments,2025-06,net_retention,1.1533936660205961,1.1972155383938914
fintech_payments,2025-06,cac,11188.054253149447,10724.507480246388
fintech_payments,2025-06,ltv,191752.69527894806,202501.72416707626
fintech_payments,2025-06,cac_payback_months,10.886303524014489,10.470063441091696
fintech_payments,2025-07,arr,128550702.98874776,137937608.76449335
fintech_payments,2025-07,mrr,10712558.582395647,11147229.000160504
fintech_payments,2025-07,customers,435.0863211031673,461.6405997307727
fintech_payments,2025-07,churn_rate,0.026122629834672808,0.02407254978025973
fintech_payments,2025-07,net_retention,1.170356112127723,1.2422192699805605
fintech_payments,2025-07,cac,16407.509772331443,15406.09511204015
fintech_payments,2025-07,ltv,162611.10534128334,166407.17235698024
fintech_payments,2025-07,cac_payback_months,6.659178682444698,6.370095516368159
fintech_payments,2025-08,arr,133643074.94600075,136364425.17164707
fintech_payments,2025-08,mrr,11136922.91216673,11682984.207875421
fintech_payments,2025-08,customers,421.064019719186,432.59900432205757
fintech_payments,2025-08,churn_rate,0.02241742436859541,0.02103787278219799
fintech_payments,2025-08,net_retention,1.122074487664242,1.206862445785306
fintech_payments,2025-08,cac,12383.81788396675,11513.256207283875
fintech_payments,2025-08,ltv,156283.165039211,168465.42824935986
fintech_payments,2025-08,cac_payback_months,11.46495758811789,10.689326409311871
fintech_payments,2025-09,arr,147904826.5342847,158996113.19994804
fintech_payments,2025-09,mrr,12325402.211190393,12814354.515075335
fintech_payments,2025-09,customers,427.12000167547205,445.1978281107714
fintech_payments,2025-09,churn_rate,0.04653436182790278,0.044933087424473
fintech_payments,2025-09,net_retention,1.1830989883254697,1.2308126712484992
fintech_payments,2025-09,cac,14276.47375325047,13949.88152484426
fintech_payments,2025-09,ltv,163682.060025788,174202.8334691012
fintech_payments,2025-09,cac_payback_months,6.997376172309952,6.688412307322622
fintech_payments,2025-10,arr,157802939.72467119,164971328.7607192
fintech_payments,2025-10,mrr,13150244.977055931,13683197.526963564
fintech_payments,2025-10,customers,411.01469546587856,442.947678255867
fintech_payments,2025-10,churn_rate,0.027711880765676263,0.02623459215903243
fintech_payments,2025-10,net_retention,1.1697554501331366,1.227474581044066
fintech_payments,2025-10,cac,11815.828315772169,11119.864121641704
fintech_payments,2025-10,ltv,202073.36311115063,217142.5615046241
fintech_payments,2025-10,cac_payback_months,11.515248186322351,10.987128147234133
fintech_payments,2025-11,arr,164204098.96563798,176759068.73266584
fintech_payments,2025-11,mrr,13683674.913803166,14469016.900957584
fintech_payments,2025-11,customers,437.4365578365046,465.6501822624694
fintech_payments,2025-11,churn_rate,0.030255471257517746,0.029296549471954248
fintech_payments,2025-11,net_retention,1.165054149698057,1.2474262496684037
fintech_payments,2025-11,cac,16787.774195250116,15842.676233491291
fintech_payments,2025-11,ltv,175427.87461730672,179476.01449097946
fintech_payments,2025-11,cac_payback_months,10.763610800711108,10.162060323072216
fintech_payments,2025-12,arr,171352416.42986518,180389844.13199142
fintech_payments,2025-12,mrr,14279368.0358221,14739790.026962258
fintech_payments,2025-12,customers,425.88519973177614,441.86214263215476
fintech_payments,2025-12,churn_rate,0.04246889452581196,0.04097893802089897
fintech_payments,2025-12,net_retention,1.1535473644202996,1.2100205147165053
fintech_payments,2025-12,cac,15077.953128832236,14067.155594481708
fintech_payments,2025-12,ltv,163049.38633977823,175773.15250741525
fintech_payments,2025-12,cac_payback_months,10.496216619869742,10.106885717377365
industrial_services,2023-01,revenue,188228426.98571634,202134237.39619818
industrial_services,2023-01,gross_margin,0.33979470635044806,0.3572951396607476
industrial_services,2023-01,ebitda_margin,0.16651404769684086,0.17691064111909952
industrial_services,2023-02,revenue,176254279.86524373,181957657.23595527
industrial_services,2023-02,gross_margin,0.3425417056183697,0.34941192927523
industrial_services,2023-02,ebitda_margin,0.11728298121344971,0.11990494817660999
industrial_services,2023-03,revenue,190130926.18743438,203505872.88496512
industrial_services,2023-03,gross_margin,0.31392951731914676,0.3305802219960222
industrial_services,2023-03,ebitda_margin,0.19286349933056027,0.19849292836853674
industrial_services,2023-04,revenue,186365489.040408,198700051.169574
industrial_services,2023-04,gross_margin,0.36403519741394164,0.39262092370780377
industrial_services,2023-04,ebitda_margin,0.2023750825086325,0.21338707912596483
industrial_services,2023-05,revenue,180054147.09632418,193350036.563666
industrial_services,2023-05,gross_margin,0.3707850379660332,0.38085662029464123
industrial_services,2023-05,ebitda_margin,0.10958169929396766,0.11392886779646011
industrial_services,2023-06,revenue,189496849.43181527,198669660.37206602
industrial_services,2023-06,gross_margin,0.3636237329662997,0.3895402304123935
industrial_services,2023-06,ebitda_margin,0.1551089728388419,0.1613754161605658
industrial_services,2023-07,revenue,191263121.60493386,204814660.39744788
industrial_services,2023-07,gross_margin,0.29233882033673686,0.30137473823228333
industrial_services,2023-07,ebitda_margin,0.2087517812092083,0.21831695314358665
industrial_services,2023-08,revenue,179001736.70587373,189405210.38582584
industrial_services,2023-08,gross_margin,0.3789245780591905,0.39097029408325507
industrial_services,2023-08,ebitda_margin,0.17494868752863194,0.18067034091854595
industrial_services,2023-09,revenue,177425173.00756803,190106831.50043195
industrial_services,2023-09,gross_margin,0.32508945492740215,0.34459990884817815
industrial_services,2023-09,ebitda_margin,0.1783642525867145,0.1865910860265808
industrial_services,2023-10,revenue,195168812.7388804,205250312.09518847
industrial_services,2023-10,gross_margin,0.38069432808061643,0.3942220179780032
industrial_services,2023-10,ebitda_margin,0.23022312840075698,0.23555730646864806
industrial_services,2023-11,revenue,191707739.51296347,201666621.949633
industrial_services,2023-11,gross_margin,0.29698241972077477,0.31297937635335266
industrial_services,2023-11,ebitda_margin,0.1423885179580754,0.15036725739700818
industrial_services,2023-12,revenue,181950935.11141488,196177520.77217168
industrial_services,2023-12,gross_margin,0.33316323667503084,0.3543716981050252
industrial_services,2023-12,ebitda_margin,0.18640719179637533,0.20045413416234303
industrial_services,2024-01,revenue,193955807.90213796,205593377.3139553
industrial_services,2024-01,gross_margin,0.3628403756449361,0.38366841971077104
industrial_services,2024-01,ebitda_margin,0.12688327167908825,0.1340075326786743
industrial_services,2024-02,revenue,189576175.8023261,199274658.17737684
industrial_services,2024-02,gross_margin,0.3540119245584986,0.3652883918322967
industrial_services,2024-02,ebitda_margin,0.14682195379653457,0.15685142956250914
industrial_services,2024-03,revenue,184555850.83286792,195536637.2259842
industrial_services,2024-03,gross_margin,0.2918952805845253,0.30539923472204844
industrial_services,2024-03,ebitda_margin,0.16107444369000204,0.1669706136343801
industrial_services,2024-04,revenue,192432380.21128583,206933835.83376893
industrial_services,2024-04,gross_margin,0.328580326957708,0.3450561033085084
industrial_services,2024-04,ebitda_margin,0.23060147661772862,0.23975013814087895
industrial_services,2024-05,revenue,196654199.29678103,204555647.75101712
industrial_services,2024-05,gross_margin,0.28513981208762934,0.30659149408726566
industrial_services,2024-05,ebitda_margin,0.16646766084611117,0.16991690101542273
industrial_services,2024-06,revenue,193900247.67090592,198771832.7463479
industrial_services,2024-06,gross_margin,0.38369290134932765,0.41375435130771465
industrial_services,2024-06,ebitda_margin,0.16790251825336577,0.17647908397300666
industrial_services,2024-07,revenue,195878784.4334044,204840036.97157302
industrial_services,2024-07,gross_margin,0.313125369579051,0.3207949842630404
industrial_services,2024-07,ebitda_margin,0.1676897319149525,0.17211164662683387
industrial_services,2024-08,revenue,201018763.24720797,211128939.04093152
industrial_services,2024-08,gross_margin,0.31357479330892263,0.3343098725445307
industrial_services,2024-08,ebitda_margin,0.12729415800980828,0.13031316696545353
industrial_services,2024-09,revenue,196748297.87061945,201305900.796685
industrial_services,2024-09,gross_margin,0.2966894619976803,0.3174725132665622
industrial_services,2024-09,ebitda_margin,0.10510454711558659,0.10795060472572804
industrial_services,2024-10,revenue,187127061.65807673,193815825.39805284
industrial_services,2024-10,gross_margin,0.34130598420000774,0.35676808628246254
industrial_services,2024-10,ebitda_margin,0.21815908607188345,0.2230448355863881
industrial_services,2024-11,revenue,195840455.9395263,203663420.75603062
industrial_services,2024-11,gross_margin,0.3608658312891987,0.37491505652734236
industrial_services,2024-11,ebitda_margin,0.17992698752530029,0.18467659526906474
industrial_services,2024-12,revenue,195012109.2010299,210218462.71728757
industrial_services,2024-12,gross_margin,0.29392925364221506,0.3169158343765847
industrial_services,2024-12,ebitda_margin,0.20732343225968722,0.22223087147315104
industrial_services,2025-01,revenue,200450220.20364475,212045508.78501052
industrial_services,2025-01,gross_margin,0.3781211976141432,0.39602106676601917
industrial_services,2025-01,ebitda_margin,0.13992881237525798,0.1467742754567192
industrial_services,2025-02,revenue,204394927.19470948,219822351.23333907
industrial_services,2025-02,gross_margin,0.31946856978361526,0.32693565488307547
industrial_services,2025-02,ebitda_margin,0.1445255456372328,0.15162725026747803
industrial_services,2025-03,revenue,208329232.26227972,215617557.69477484
industrial_services,2025-03,gross_margin,0.36545082109454197,0.38028685607684687
industrial_services,2025-03,ebitda_margin,0.1764969903896985,0.1890499690608428
industrial_services,2025-04,revenue,202075030.87878487,206310864.90899652
industrial_services,2025-04,gross_margin,0.3520639071259492,0.3794619116345824
industrial_services,2025-04,ebitda_margin,0.11394115989560405,0.11879723756343179
industrial_services,2025-05,revenue,203785704.28183502,219264044.17887795
industrial_services,2025-05,gross_margin,0.2911601102462199,0.3070399579628031
industrial_services,2025-05,ebitda_margin,0.1956360000012265,0.20102908183375448
industrial_services,2025-06,revenue,204180693.8214257,219043060.60735244
industrial_services,2025-06,gross_margin,0.3872886098346513,0.4101080331850969
industrial_services,2025-06,ebitda_margin,0.15689831512036262,0.16850171983197296
industrial_services,2025-07,revenue,205862227.56876314,212471989.57370085
industrial_services,2025-07,gross_margin,0.2983803160806754,0.32061847866136395
industrial_services,2025-07,ebitda_margin,0.14335683955472647,0.15276448937243312
industrial_services,2025-08,revenue,207780902.0603679,221367085.46718824
industrial_services,2025-08,gross_margin,0.32213528474842706,0.33774257073808484
industrial_services,2025-08,ebitda_margin,0.1257662680870299,0.1299853960095921
industrial_services,2025-09,revenue,207401945.01988375,217380761.84213382
industrial_services,2025-09,gross_margin,0.2856467392993833,0.2938955030268022
industrial_services,2025-09,ebitda_margin,0.14566383557795548,0.15718282516500798
industrial_services,2025-10,revenue,199858182.59097677,213077535.8652759
industrial_services,2025-10,gross_margin,0.2982494382060572,0.3118288364000579
industrial_services,2025-10,ebitda_margin,0.1284948823441655,0.1354239632702899
industrial_services,2025-11,revenue,196784929.40250838,210362954.65333575
industrial_services,2025-11,gross_margin,0.28482038320026404,0.30564483546370497
industrial_services,2025-11,ebitda_margin,0.16241557697578227,0.16650883834751604
industrial_services,2025-12,revenue,208323147.26031682,222858676.09728992
industrial_services,2025-12,gross_margin,0.40785215607909786,0.41928088285499276
industrial_services,2025-12,ebitda_margin,0.1543161856157041,0.16606329990950716
